00100000000000000000100011111000
00001000000000000000001001100001
00001000000000000000001010011101
00001000000000000000001010011111
00001000000000000000001010100001
00001000000000000000001010100011
00001000000000000000001010100101
00000000000000000000000000000000
00000000000000000000000000000000
00000000000000000000000000000000
00000000000000000000000000000000
00001000000000000000001010100111
00001000000000000000001010101001
00000000000000000000000000000000
00001000000000000000001010101011
00001000000000000000001010101101
00001000000000000000001010101111
00001000000000000000001010101111
00001000000000000000001010101111
00001000000000000000001010101111
00001000000000000000001010101111
00001000000000000000001010101111
00001000000000000000001010101111
00001000000000000000001010101111
00001000000000000000001010101111
00001000000000000000001010101111
00001000000000000000001010101111
00001000000000000000001010101111
00001000000000000000001010101111
00001000000000000000001010101111
00001000000000000000001010101111
00001000000000000000001010101111
00001000000000000000001010101111
00001000000000000000001010101111
00001000000000000000001010101111
00001000000000000000001010101111
00001000000000000000001010101111
00001000000000000000001010101111
00001000000000000000001010101111
00001000000000000000001010101111
00001000000000000000001010101111
00001000000000000000001010101111
00001000000000000000001010101111
00001000000000000000001010101111
00001000000000000000001010101111
00001000000000000000001010101111
00001000000000000000001010101111
00001000000000000000001010101111
00001000000000000000001010101111
00001000000000000000001010101111
00001000000000000000001010101111
00001000000000000000001010101111
00001000000000000000001010101111
00001000000000000000001010101111
00001000000000000000001010101111
00001000000000000000001010101111
00001000000000000000001010101111
00001000000000000000001010101111
00001000000000000000001010101111
11111000000000101111000000000000
11111000101001101111000000000000
11101000100101101010011000010100
01000100101100100000110000000000
01000101110110100100010010110011
11110000000000001101000100000001
11101000101110101111100010011101
10100110000011110000000000001111
00000000001100001110100010010110
00000101000001001110101110100101
00000111000001101110101100000100
00000100000001111110101110101010
00000111000000011111000110100111
00010101000101011110101001001111
00010100001101001110101001001111
00000100000000011111000110100100
11010011000000010100001010101100
11111000100001101111000000000000
00001111000000011111000000010011
00011010111110111011111100011000
00000011000000011111000001000011
11111000000000011111000000000000
01000111000110001110011111011011
00000000000000000100111111000000
00000000000000000100111111100000
10111111001001000011101000010000
11000001011110001100100001111000
00000111010100101101100011111010
11001000001100001011111100100100
10111111010001001100000100110000
01100000000011000110100000000100
00000000000000000100011101110000
00000000000000000100011101110000
00100100000000000010001100000000
00100110000000000010010100000000
10111111001010000011101000010000
11011000111110111100000101111000
10111111001010000000011101010010
10111111010010001100000100110000
01000111011100000110000000001011
11110000000000000010100101101110
00101001011100001000000110011011
10000010110100011111000000000000
11110000000001000010100101100110
00101001011001011000010000011100
10000100000110011111000000000100
11110000000001000010100101100111
00101001011000011000010000010110
10000100000101011111000000000100
00001010000110110110100000000011
11110000010000011011111100101000
00101001011010010000000110000000
10000001010010001111000000000000
11110000000000000010100101100100
00101001011101011000000101000101
10000001010000101111000000000000
11110000000000000010100101101111
00101001011110001000001001011111
10000010100111011111000000000000
11110000000000000010100111101001
00101001111001001000000111111001
10000001111101101111000000000000
11110000000000000010100111110101
00101001111011111000000111110011
10000010010111001111000000000000
11110000000000000010100111111000
01101000000000111000001010011100
10111111001010000000100111011011
00000001100000001111000001000001
11110000000000000010100101100011
00101001011100111000011111001111
10000111110101001111000000000000
11110000000000000010100111100011
00101001111100111000011111011111
10000111111001001111000000000000
01000111011100000010000000000000
11110000000000011011010100011111
00000000000001001111100001000101
00100001000000000010000000000000
11111001010011001111000000000011
01100000011000000001110001000000
00100001000000000010000000000000
11111001001100001111000000000011
10111101000111110110000011100000
10111101000100001011010100010000
11111000000001101111000000000001
11110111111111110100011000010001
11110000000000011111111111101001
11110000000000011111101000000011
10110100000000111111100011100011
11111111111100101111011111111111
11110000000000011011110000000011
00000000000000001111100101110011
00000000000000001111000001001111
00000001000000001111000001001111
00000010000000001111000001001111
00000011000000001111000001001111
00000100000000001111000001001111
00000101000000001111000001001111
00000110000000001111000001001111
00000111000000001111000001001111
00001000000000001111000001001111
00001001000000001111000001001111
00001010000000001111000001001111
00001011000000001111000001001111
00001100000000001111000001001111
01000111100000000100100000001001
01000111000000000100100000001001
11100111111111101110011111111110
11100111111111101110011111111110
11100111111111101110011111111110
11100111111111101110011111111110
11100111111111101110011111111110
01001001000001010100100000000100
01001011000001010100101000000011
00000000000000000100011101110000
00001000000000000001010100011001
00001000000000000000000011101101
00100000000000000000000011111000
00100000000000000000100011111000
00100000000000000000000011111000
00000000000000000100011101110000
01001001000001001011010000001111
10101010000000111011010100010000
11110000000000001001100000000010
10111100000100001111100100000111
11111011000101001111100001011101
00100000000000000000000001111000
01000110000001011011010100001110
01000110000011100100011000010100
11110000000000001010000000010011
01000110001010001111101011111010
11111010111101111111000000000000
11110000000000001010000000010110
01000110001100001111101011110100
11111010111100011111000000000000
11110000000000001010000000010101
00100001000000001111101011101110
00010000000010111111100010001101
11110001000011010010000100001010
11111000100011010000000000001010
11100000000010000001000000001010
11110010111100011111101110010100
01000010000100101111101100000001
11110100111100011111101110010100
11111000000000000011001000110000
00101100000000000010110100000001
11110000000000001101110011110100
11110000000000001111101011011000
00000000000000001111101011001011
00100000001010100010101000101010
01100101011100110111001101100001
01101111011010010111010001110010
01100001011001100010000001101110
01100100011001010110110001101001
00000000000000000010000000111010
01101001011001100010000000101100
00000000001000000110010101101100
01101001011011000010000000101100
00000000001000000110010101101110
01000111011100000100011101110000
01000111011100000100011101110000
11110000000000001011010100010000
01101000000000001111101011000101
10110101000100001011110100010000
11110000000000000100011000000100
01100000000001001111101010111111
10110101011100001011110100010000
01101001100001010100011000000100
00000110110000010110100000000000
00100110001100001101010100000001
00100110001000001110000000000000
11010000000001110000011111000000
11101001110101001011110101110000
01000110001100000010000100000001
01101010001000000100011110010000
01100010001000000001110001000000
11010101111101100001111001101101
10110101011100001011110101110000
01101001100001010100011000000100
00000111110000000111100000000000
10111101011100001101000100000111
00100001000000011110100111010100
01000111100100000010000000100000
00011100010000000110101000100000
00011110011011010110001000100000
10111101011100001101010111110110
00000101010010100110100000001001
10110010010000001101010100000001
00000101110010010100011101110000
10110010000000001101010111111100
01101000000010010100011101110000
11010101000000010000010101001010
01000111011100001011001011000000
11010101111111000000010111001001
01000111011100001011001010000000
01000110000011001011010101110000
00101010000000010100011000000101
01111000001010001101000000000101
11010101000000000000011010000000
00100011000000000110100111101010
00100011000000011110000000000010
00011100010110111110000000000101
11010010000000100100001010010011
00101000000000000101110011100000
01101001101010001101000111111001
00011010110000000001100011100110
01101010001010000110000110101000
01100010001010000100010000011000
11110111111111110100011000101000
11100000000001001111111110101010
00100001000000011110100111010101
00001011000000011111100000010100
01000010101101000100011110010000
01000110001010001101001111111000
11111111101101011111011111111111
00000000000000001011110101110000
01000001111100001110100100101101
00100100000000000100011000000110
00101001011101010110100000010000
10100101000101100100011000110001
11110111111111111101000000010000
00101000000000001111111110111001
01000010010000001101101000000010
11100000000001111010010100010011
00000111100010100110100000110001
10100101000100101101010100000001
00000111010010011110000000000010
10100101000100011101010100000100
11100000000000010010010000000001
11111111101100011111011111111111
00100010000010100010000100000000
00000111001001001111000100000110
11111011101100001110000000001001
11111011101100001111110011110010
11111011000000101111001111110010
00110000001100000000000000011100
01000110000110000101010001111000
00101000000000000001110001001001
01000110001000111101000111110011
01000110001100000100011000101010
01000001111100001110100010111101
10111010011011111111000000000000
00000000000000000000000000000000
00000000000000000000000000101101
00000000000000000000000000101011
00000000000000000000000000100000
01101000000000100110100000010001
00000101010100110110101000000000
01110000000010001101010100000001
00000101110100111110000000001010
10000000000010001101010100000001
00000110000100111110000000000110
00010111110000101101010100000011
00000010000000001110100111000001
01100000000010001110000000000000
01000111011100000010000000000001
10110101011100000100101100000111
01000100011110110100011000001101
11111110001101111111000000000000
01000110001010000100011000000100
11111110011100101111000000000000
11110000010011111011000100010000
10111101011100000011000011111111
10111101011100000100011000100000
00000000000000000001000011110111
01011111111111111110100100101101
01000110100010100100011000010101
11111000110111110100011000000100
01000100111110001000000010101100
11101001110110000010011100000000
01000110001111100001000000000000
00010000000000001110100111001101
11111000001110101110000000010000
01000110011010100001000000010110
11110000000000001010100000000010
00011100010000011111111001011001
01111000001000011101000000000111
11010101000000110000011010001001
00011000001110010110100111100010
11011000000011010100001010010001
00011100011101100100010000000111
00000110100000000111100000100000
01101001111000001101010100000010
11011101000001010100001010111000
11011011111001100100001010101110
00000000000101101111100000111010
11010001111000100010100000000000
00011011110000000110100110100000
01000110001000000110000110100000
11111111000010011111011111111111
00010000000000001110100111011000
00010000000000001110100111001101
11100000000101110010000000000000
00010000000110001111100000111010
10101000000000100100011001101010
11111110001100001111000000000000
00111111111111111111000110110000
11010000000010110100011010000001
11110001000011010010010100000000
11100000000001010000101100001000
00100001000000011110100111010100
00000000000001011111100000011011
00011100011011010100011110010000
11010011111101110100010101001101
00000000000000011111000100001000
01000110100000000100001010110000
01101010001000001101101111100100
01100010001000000100010000111000
11110111111111110100011000100000
11101000101111011111111011111000
00000000000000001001111111111111
00000000000000000100011010011010
01000001111100001110100100101101
00011101110100100100011010000000
00000010000001111111000000100010
11101001110100100010010100000000
00101001111101010000001000000000
11010000000101001010011000010101
11110001011100100001111000000001
11011010000001100000000100000000
11101011110100000010001100000000
11101011011000110000000000000011
10100110000100010000001000000010
11111000110110001110000000001000
00000111100010110001000000000000
10100110000011111101010100000001
00000111010010011110000000000010
10100110000011101101010100000001
01000110000100010010010100000001
11110001000010000010010000000000
11100000000001000000011100100100
11111001011101101111000000000000
01010101001110100011001000110000
11101010010100000001110001100100
11010001111101110000001000000001
01000110001100100100011000101011
01000110010000000100011000100001
01000001111100001110100010111101
10111001101011011111000000000000
00000000000000000000000000000000
00000000000000000000000000101101
00000000000000000000000000101011
00000000000000000000000000100000
00100001000000001011010000110000
00000100001001001111000100000000
11110000000000101110000000001000
00001000110100100000010100000111
11101010010000100011010100110000
00001000110110110111001001000011
00011100010010010101010001100101
00000101000000111110101001010010
01101000000001001101000111110011
10100010000100000010001100000000
11010101000010000000011100100101
00000100001000001111000000000100
11010000000001000100001100001100
00100011000000010110100111000100
00011110011001001010001000001100
10111100001100000110000111000100
10111001100000111111000000000000
01000110000001001011010100010000
01101000000100000100011000100001
11111110101001111111011111111111
01000110001000000100011000000010
01000000000100001110100010111101
11100111110100010010001100000000
11110000001000100001110111010010
11101001110100010000000100000111
11100111110010110010001100000000
00000000000000000000000000000000
00000000000000000000000000110000
01000110000011011011010011110000
00000101000010011000100000000001
01001100001000011101010100000010
11100000000000100100010001111100
01000100011111000100110000011111
00100001000000000011010000001110
00000110001001001111000100000000
11110000000000101110000000001000
00001001000100100000011100001111
11101010010000100101110111100111
00001001000110110111001000000011
00011100010010010101010001110111
00000111000000111110101001010010
01111000000000101101000111110011
00000111000100100010001100000000
00101101011100001101010100000100
10110001000010011101000000000110
00110100000100010010001100000010
10111100111100000100011000100010
10111001010001011111000000000000
00110100000100000010001100000001
10110101011100001110011111111000
01000110000011010100011000000100
01101000000100000100011000100001
11111110011001011111011111111111
01000110001010010100011000000010
11101000101111010100011000100000
00100011000000000100000001110000
00011101110100101110011111000110
00000011000001111111000000100010
00100011000000001110100111010011
01101000000000111110011111000000
11110000010000110110100000010010
01100000000000110000001100100000
01100001110000110010001100001000
11100111101101110010001100000000
00000000000000000100010011111100
01011111111100001110100100101101
01000110000001000100011010001001
00001010000000001111000001001111
10110001011101001111100011011111
11111000110000000100010011111011
01000110001000001010000000100000
01000111100010000110100011100001
11010000011101000010100000000000
11010000000001100010100000100101
00100001000000011110100111010100
01101010001000000100011110010000
01100010001000000001110001000000
00100110000000001110011111110001
01000110001000000100011001011111
01000111100010000110100011100001
01000110000001010010100000100000
00101101001100011101101100000111
00011001011110001101001000000101
00001100001000001111100000010000
01000011000001101011000100001000
00000111101100001110011111110001
11110000001001101101010100000001
11111000110001000000011000000100
00100111000000001010000000011100
10100000000110001111100011000100
11010000000010010010110100101010
11110000000000100100011000101000
10110011001110001111100110100111
00001000100001111110101100000100
11111000110010000011110100110000
11100000000110010101000000011000
00011011000001001111100001011001
11101011000001000100011000100000
01100001100100010000001010000111
01000111100010000110100011100001
01000110000001010010111100000001
01101001111000001101000100011000
11011010001000000010100000000000
00000110001000001111000000100110
11111000110110001110000000011101
11101011000000000000000000011000
11101011000001010000000010000000
00111000001100000000000001000000
00000000000110001111100011001000
01101000111000010100011000100000
01000110000001010100011110001000
11111001100000001111000000000010
11010001111011100010100000000000
11010000000010100010111100000001
11010001000010000010110100101110
01101000111000010100011000100000
00011100011111110100011110001000
00101111000000100100011000000101
00000110001000001111000001000110
01101001101000001101101111000100
11011010000000110010100000000000
11110000010001100100001001000000
01100001101000000000011000000001
11010000000000010000011111110000
00000110000100001111000000100110
11010000000010110010110101101100
11010000000010010010110101101000
11010000001110010010110101001100
11010000001101010010110101101010
11010000001101010010110101110100
11010000001100110010110101111010
11100000001110001110000000010110
01000110001011110110100011100001
01000111100010000100011000100000
01000110000001010100001010111000
00101111011011001101000100001001
11110100010011111101000000100110
01101000111000010110000010000000
01000110001000000100001100000110
01000110000001010100011110001000
00101111011011001110000000000100
11110100010011111101000000011010
01000011000001100111000010000000
11110001101001011011001100001101
00101000000110010000000001000001
00110101001000001101100000000010
01100110000000001111010001000110
01000110001010010100011001001010
01100000001001100100011000100000
11110111111111110100011001001110
10110001100000001111110001110011
11010000000010110010100000000001
11110000001001100001110111110110
11110001000000000000000000000111
11100111010101100000100100001000
11100111111001000010000001000000
11100111110110000010000010000000
11100111110101100010000000000000
00001001000001001111000100000110
01000110001010001110011101001101
01101010001000001110011101010010
10011111111100001110100010111101
00000000000000000100010010001100
00100000000000001011010100010000
11111100101011001111000000000000
11111100101011001111011111111111
01000000000100001110100010111101
11110000000000000010000000000001
10110101000100001011111000101011
11100000000000100100011000000100
11110000000000000001110001100100
01111000001000001111111000101001
11010001111110010010100000000000
00000000000000001011110100010000
01000111011100000100100000000000
00100000000000000000000000011000
11110001101100001011010100110000
11110001011100010000001000001010
11101010010011110000001100000000
11101010010011100000111010010000
11101011101100000111111010000001
11101011011000010000000000001110
11101010010011110000000110010001
11101010010011100001111000010000
11101011000100000111111000000001
11101011010000010000000000001110
11101010010011110001000100010001
11101010010011100010111000010000
11101011000100000110111000000001
11101011010000010000000000001110
11101010010011110010000100010001
11101010010011100100111000010000
11101011000100000100111000000001
11101011010000010000000000001110
00011000010000000100000100010001
00000001000000001111000101000001
00000000110100001110101001001111
01110000010000011110101001000000
00000001110100011110101001001111
00000100100000011110101001001111
01110100100100001110101001000100
00000101100000001110101100010000
00000100000000011110101101000100
11101011010001000001100101101101
00011011010100100000010000000100
11110000010011110100000110100011
10111111010010000000001100000000
11010101000000000011001000001010
00011100010000001011110100110000
00000001000000001111000101000001
11101001001011011011110100110000
01000110000011010100011111110000
01000110100100100100011010011001
11110001000000000100011000000100
01101000000000010000100000100100
11010101000001000000011010001000
11110000001000010110100111100000
01100000001000010000000100010000
00100000000000011110000000000000
11011101000000010100001010101000
11100000000000000001101101000111
01101001101000010010011100000000
11101011000000100001100101111010
00011010000010000000000000001001
01111000001000000110000110100000
11010100000000100000011011000000
11110111111111110100011000100000
00100110000000001111110011011000
11101001110101001110000000001000
11111000000110100010000100000001
01000111100100000000000000000110
00011100010000000110101000100000
01100010001000000001110001110110
11011011111101000100010101001110
00000110110000000111100000100000
01000110001000001101010100001010
11111100110001011111011111111111
11101001110101001110000000000110
00100000001100000010000100000001
01101010001000000100011110010000
01100010001000000001110001000000
11110001101001110001111000111000
11011100111101000000011100000001
11101001110101001110000000000111
11111000000110000010000100000001
01000111100100000000000000000101
00011100010000000110101000100000
00011110001010000110001000100000
00000101000000011111000110100101
01000110001000001101110011110011
11111100101111111111011111111111
00000110000000000111100000100000
00100000000000101101010100000010
10000111111100001110100010111101
11100111111110110010000000000001
01001111111111111110100100101101
01000110000111100100011000001100
00110111111111111111000001001111
11101001110100101011000010001011
11111000110111010000000100000000
10010000000010101000000001100000
11110011110000010100011010001010
10111001000001010101010100001010
00100001000000000100011000111101
11110000010011110100011000001000
11110001101110100000000000000000
11110100000000000000111100000000
11011010000001010000000001000000
00000000100000001110101100000000
00000001010000001111010001001111
00000000010100001110101000000001
01011001100100001110101001001111
00001111000000011111000110111001
01000110101110011101110100000000
11101010010100001001100000001010
11010000000011100000000001001010
01010000000100001111011001000100
00110101111111111111001010100101
00010100001011110100001101000101
00001111000000001111000110111000
01000010011101011101000000011110
11011101000111100001111000101001
00000010000000001111000111001001
11110001101110001110000000011100
11110000010011110000111100000001
11010000000000010000000000000000
11100000000000110010000100110000
11100000000001010100001111110010
00011100010000000101010000100001
11011011111110110100001010110000
00100010000000000100011000110000
01010100001000010010000100000000
11111000110000011001100100001011
11101001110000011000000000001000
10110000000011110010000000000000
10001111111100001110100010111101
00011100011011010001101110111101
01000110010010101110011111011110
01000010011010011101101000000000
11110000000000001010100000000110
10101011000001101111110000011011
00000000000001111110100010010011
11101000100000111010101100000011
01000110010100000000000000000111
11110000000000001001100100001010
11101000100011011111111111100010
11110101101000000000000000000111
00111000000111110101000000000000
10011000000000111001000000000000
11011101000010100010110100000000
00000001000111111111001001000010
01000100000010000100011001001010
10101001000000110010001100000000
01000110011010001001000000000011
11111010010011001111000000000001
11110101101000001110000000001001
01000110010010100101000000000000
00100011000000000011100000011111
10010000000000111010100100000011
11110000000000010100011001101000
11101000100011011111101001010110
00000100000000000000000000000111
11010000000000110000110000000000
00110000111111111111000001001111
11100000000000000000100001000001
11110001101110000100011000010000
11010000000000110000111100000000
10010010000000000010001000000000
11100000000111100100011000010101
11010100000001010001111001110101
11111110110010101111011111111111
01010101011000100011001000110000
11010101111110010001111001101101
00100010000000010100011010110011
11010000000000100100001100001000
00011100011111110010001000000000
01111000001000001110000000000100
11010001000000010010100000110000
00011110011111110010001000000000
10010111000010010010101000000000
11100000000111011101000010000100
11011010000001110010110100010001
11111110101100101111011111111111
01010101011000100011001000110000
11101010010100000001110001101101
11010001111101010000001000000001
11010000000000100100001100001000
10110001110010001001100000000000
00100001000000001110000000001110
11100000000001010001111001101000
01011100011000100101110000100011
01010100001000100101010001100011
00011100010010010001111001000000
11011011111101110100001010000001
00011011101010000100011010101011
10010000000010010001111001000000
11111000000001000010000000000000
10011000000010110000000000001011
11111000110000001001101000001001
11101001110000001000000000001000
11100111011110100010101100000000
11110000010011110010011000010001
11100111010101110000100000000000
01001111111100001110100100101101
01000110000001000100011010001000
11110000001000100001110111010010
10110000100100010000000100000111
00000001000000001110100111010001
00000001000010101110100111001101
11111011001010101111000000000001
10011000000010110100011000000010
11010000000000010000111111000000
11100000000001110010000000101101
00000111100000010110100000100000
00100000001010111101010100000001
00100001001000001110000000000010
00000000110000001110101000000001
10010000000010010010101000000011
00101010000001111101000000000001
01000110000000111101101100000101
01000110001000000100011001000001
11111011001110001111000000000000
01111000001000001110000100001011
11010101000000010000011010000000
11100000000000000110100111100000
11110001101110000010000000000110
01000110100000010000111101100101
11110001101110001101000000000110
11010000000110000000111101100110
00001111011001111111000110111000
11100000001100011101000101110000
11110001101110010010000000000000
10010000000000000000111100010001
00100011000100011101101100000001
11110001000010011110000000000001
10101010000010100000001100000001
10101000000011001010100100000001
11111110111000101111011111111111
01110000000011001110100111011101
11110001000010010010011000000000
01000110100000110000010100000001
00100000000000011110000001000111
10010000000000000100011001001011
01000111000000001111000001001111
10101001000000011010101000001010
11110111111111111010100000001100
11101001110111011111111011010001
10011001000011001011000000001101
00100110000000000100011001011101
11110001000010011011100100010000
00011000000011010000000000000001
00000000000001011110101110111001
11110001110000001101010000000011
11110001000010010011011011111111
11101011101001010000010100000001
11100000001010110000000000001001
00001111000000011111000110111001
11110000010011111101101000000001
00100000000000000000100100000001
00001111000100011111000110111001
01000110010010001001000000000000
00100011000100011101110100000001
01000110000000111110000000000000
10101001000000011010101000001010
11110111111111111010100000001100
11101001110111011111111010101011
01000110010011010111000000001100
01000110100000110010011000000000
00000111000000000111100000100000
01000101101010111101010000001010
01000110010111011101101000000000
00101101000000011010100000000001
00011001010000011101110100000100
00011100000000011111100000010001
11010000000001110010100100110000
11011010000000100100010101001111
00001111000001001111000100010111
00100000000000011101101000000100
11100000000011110100011010000010
11100111111011100001111001101101
11011100000000100010111100000000
01000100001111100001101111101101
00011100011110001110000000000011
11011101000000000100001010101000
00011011101110000001110001111101
00001010000000011111000100000000
01000111000000001111000001001111
00000111000000000111100000100000
01000101101010101101010000000011
11110000010011111101101100000001
00100001000000000011101011111111
01001111000000001111000110110111
00001000010000111111000100001101
00010000010000111111100010001101
00100000000000101101000000100100
00101111000000000010001100101011
01000010011111111101101000000001
00100001000010100010001100101101
11110001101000000001111000000010
11011100000000000000000000000001
11111011100101111011000101011111
11111011100101111111110011110001
11111011000000011111001011110001
01000110000101110111110000011100
00001100001100001111000100001100
11001101000000011111100000001000
11110001101010001110011111101110
01110000000000110000000000000001
00000101000010011000100000100001
00100001010001011101010100000001
00100001011001011110000000000000
00001000000000011111000110100000
00011100000000011111100000000000
10101001000011111001100000001001
00000111000010001110101110100001
10110001000000000001110111111111
00011001010000010010000000000001
01110000111010101110101100000001
01000100001110000110100110100001
00011110010000000001101000001000
01111000001000000110000110100000
11010100000000100000011011000000
11110111111111110100011000100000
10011000000010011111101011011000
11101001110101001011000100101000
01000111100100000010000100000001
00011100010000000110101000100000
01111000001000000110001000100000
11010101001000100000011011000000
11110111111111110100011000100000
11100000000111101111101011001010
11011011000001000010111000000000
11011101000000100100010110110011
01011101100000001010100000000001
00100000001100001110000000000000
00100001000000011110100111010100
01101010001000000100011110010000
01100010001000000001110001000000
11110001101010100001110001110110
11101010010111110000000000000001
11010001000010100000101000000000
11111010010001001111000000000000
01101000000000010110100011000000
11101001110101000101110001000000
01000111100100000010000100000001
00011100010000000110101000100000
00011110001010000110001000100000
00000101000000011111000110100101
11100000000001111101110011011100
00100001000000011110100111010100
00001011000000011111100000011000
01101010001000000100011110010000
01100010001000000001110001000000
11110001101001110001111000111000
11011100111100110000011100000001
11110111111111110100011000100000
00100000000000111111101010101100
11100110010000011011000000010001
01001111111100001110100100101101
01000110000011010100011000000100
11110000001000100001110111010010
10110000100010010000000000000111
10010111000000001110100111010000
01000110001110010100011001001000
11111001111101001111000000000001
00001111111110000100011000000010
00100011001011011101000000000001
01101000001000001110000000000111
11010101000000010000011110000001
11100000000000100010001100101011
11101010000000010010000100100000
11111000100011010000001111000000
10110001000010110011000000100000
11100000000000000010000000000001
00101010000000110010000000000000
11010000000000010100011010000010
11011011000001000010101000000111
01000110001000000100011000101001
11111001111111101111000000000000
01111000001000001110000100111111
11010100000000010000011010000000
11100000000000000010010100001101
11110011110001110110100111100101
00101101000011010101011000001010
00100001000000001101101001001001
01011011000101111110101001001111
11110000010011110100011000001000
00101111000000000000000000000000
00000000010000001111010000000000
11101011000000001101101000000111
11110100010011110000000010000000
11101011000000000000000101000000
11101010000000010111000011010000
00010101100000010000000001100000
11011101000000010010100100000001
00110001111111111111000001001111
11101010010011110010001000000000
11110001101111000000110010000101
11010011000001100000111100011000
11110001101011000100011000010011
11110000010011110000000000011000
01000000110000100101001010000000
11110100010011111110000000000011
11111010001000110001001110000000
11110001000011001111001100001100
11110001101111000000110000001100
11010011000001000000111100100000
00001100001000001111000110101100
11110000000011001111101000001001
11111010000001111110000000000001
00101001000000001111000000001100
01001000000000001111000001001111
10111001000110001101110100000001
11010001000011101110000000001111
11010011000011000100010101000000
00001001000000101110101100011001
10111001001000010100000101011111
11010001000000100100010101000000
11101010001010010100001110011111
11101011101110110000100100000010
11010000000000000101111100010111
10001000001000000001110001110110
11010101000000100000010100000000
01000100011110000100100001111011
01001000011110101110000000000010
00111000000110010100010001111000
00100011001100001010101000001000
00110000000010101111100000000010
11110001000010100111110000000011
00101110000000000000000100000001
00001010000000101111000100001010
01000110011010100101010001010011
11110000010011111101110000000010
11100000000000010000000100110000
00000001001100011111000001001111
00001000000000011111000001001111
00010000000000001111100010001101
11110010101001101101000000000010
11100000000000110011011011111111
00000001010001111110101001011001
01001110011010111101000000000000
11011100000000100010110100000000
00000111000010010111100000100001
11110000010011111101010100000100
00100001001011100000100000000010
00010000000000011111100010001101
00100001000000000100011011000100
11110011110001111110000000001011
00000001001111110100001100000011
00011100010010010101110011000011
11111000000000100001111001101101
00101001000001010011000000001000
00001000000000011111000100001000
00101101000000001101101000000001
00100001000000001101110011110001
11101011000000001110000000001100
00011100010010010111001100011001
00011110011011010111100000011011
11111000000000100010100100001000
11101010010011110011000000001000
11110001000010000001100100001001
11011010000000010000100000000001
11011100111100000010110100000000
00000110100010110110100000100001
11100000000101101101010100000010
00001000000000011111000110101000
11011101000001010100010111100000
00000011000010001110101100000010
00111100000000011111100000010011
11010000111101010010101100110000
00001111000000001111000110111000
11101011000000101101110100001001
11111000000100110000001100001000
00101011001011100011110000000001
00000111000010011101000100000011
11110001101010001101010000000001
00101101000000000000100000000001
00100001001111101101110100000101
00010000000010001111100000000010
11110001000010000001111001101101
01111100010000000000100000000001
11111000000000100010111000000000
11110001000010000000000000001000
11011010000001000000100000000001
01000010011101100010000000101101
00000000000010001111100000000010
00100000001010111110000000000010
00000000000010001111100000000010
11110100010011110010000100001010
01000010100001100111000001111010
00001000000000011111000100001000
11111011100101101101101100001011
00110011001100001111001111110000
00110000000010001111100000000010
11110011111100001111101110010110
00001000000000011111000100001000
01100110000100111111101100000000
00101110011001001110000000000001
00100000011001001101101100001100
11110011111100001111101110010110
11111000000000100011001100110000
11111011100101100011000000001000
11110001000010001111001111110000
11111011000000000000100000000001
11100000000000010110011000010011
11011011000001100010111000001010
11110000111100011111101110010110
11111000000000100011000000110000
11110001000010000000000000001000
11111011100101100000100000000001
11111011000000011111000011110001
00110000001100000110000000010000
00000000000010001111100000000010
11110001000010000110100110100001
11101011000010000000100000000001
11101011000000100000001000000101
00011010000010000000000000001010
01111000001000000110000110100000
11010100000000100000011011000000
11110111111111110100011000100000
01101010001000011111100101001110
11101011000000011010111000001000
01100010001000000000000000001010
11101001110101001110000000000100
11111000000101100010000100000001
01000111100100000000101100000001
00001010000000011111000110111010
01111000001000001101001011110111
11010101000000100000011011000000
11110111111111110100011000100000
01000110011011101111100100111010
11111000000101101110000000001001
00101000001111100000101100000001
11101001110101001101000000001111
01000111100100000010000100000001
00011100010000000110101000100000
11110001101110000110001000100000
11010010111100100000100000000001
11110111111111110100011000100000
10110000000010011111100100111110
11101000101111010010000000000011
01101010001000001000111111110000
01100010001000000100010000101000
11101001110101001110000000000011
00100000001100000010000100000001
00011110011011010100011110010000
11100111111110001101001111101011
00000000000000000011110111111101
11111111111111111111110000000010
00011100010010100110100100000001
01111000000010000110000100000010
10110101000000000100011101110000
11101001110011011011000010001111
00100001000000000011000100000001
01001001000001011001000100000101
11101001110011010100010001111001
01000110000100010001000000000011
11110111111111110100011001101000
10110000000011111111101011100101
00000000000000001011110100000000
11111111111111111111111111100101
01101001010000111011010100010000
11110011101011111011000100010011
11100000000000011000000000000000
11111001001011101111011111111111
10111101000100000010000000000001
11110001000000000111100000010010
01110000000010100000000100100100
01110000010010100010001000000000
11100111111011010010001000000001
11110000010011110110100000010001
11100111111010010011001011111111
01101001010000111011010100010000
11110011101011111011000100010011
11100000000000011000000000000000
11111001101001001111011111111111
10111101000100000010000000000001
11110001000000001000100000010010
10000100100000100000000100100100
10000100110000100010001000000000
11100111111011010010001000000001
11110000010011110110100000010001
11100111111010010011001011111111
11110000000000000111101100000000
01000111011100000000000010000000
01000001111100001110100100101101
01000110000011000100011000010110
11110000000000000100011000000101
01101000000000111111100001001111
00000001000000011111100010010011
11010000000001110010100000000001
11011000000100100010110011111111
10110001100000000101110100011000
01110000001011000010000000000001
10000001111100001110100010111101
00000001000001111111100011010011
01000110001000010100011000110010
00010011000001111111001000000011
01000110001010000001100011000111
11101000101111010100011010111100
00100011000000000100000111110000
11110000010011110100011101100000
11100111111011010011000011111111
11110000000000001011010100010000
11101000101111011111100011111011
11110000000000000100000000010000
00000000000000001011100011110010
01000111011100000100100000000000
00100000000000000000000000011000
11110111111111110100011001110101
01000110101011101111111111111001
01000110011010010000000000000101
11110000001000000100011001010011
01000110100001010000000000000111
10110101001000001011000000011000
11111000001000101111011111111111
01000000001000001110100010111101
00000110000000001111000001001111
00000111000000001111000001001111
00001000000000001111000001001111
00001011000000001111000001001111
11101000101011000100011010101100
11101000101011000000100111000000
11101000101011000000100111000000
11101000101011000000100111000000
11110000001000010000100111000000
01000110100011010000000100000111
00000000000000000100011101110000
11110000000000001011010100010000
00011101000000001111100000000101
10111111000000001011110100010000
00000000000000000010001000011101
01000111011100000100100000000000
00100000000000000000000000111000
01000001111100001110100100101101
01000110000001000100011000011111
01101000000000010010011000000011
11110100000000010010101000000111
11011011000001000110000000000000
10100101000101101011000100001000
10100101000101101110000000000101
10110001000010001110000000000011
11100000000000001010010100010101
11110000001000011010010100010101
01100000001000000000000000010000
00011110110000000110100110100000
10110001000011110110000110100000
01100001101000000001111001000000
11110111111111110100011000100000
10110001010011111111100001001100
00100001000000011110100111010100
01000111100100000100011000111000
00011100010000000110101000100000
00011100110000000110001000100000
11100000000001100110001000100000
11100111111110100110101000100000
00100001000000011110100111010100
00001011000000011111100000010101
00011110011101100100011110010000
01000110001000001101001011111000
11111000010010111111011111111111
10000001111100001110100010111101
00000000010011100100000101001110
00000000011011100110000101101110
00000000010001100100111001001001
00000000011001100110111001101001
01000111111100001110100100101101
01000110000101100100011010000001
01001000001101011011000010001010
11001000000011010100010001111000
00000000000011011110100010001101
01000100011110000100100000110010
10101100000000110001110010000000
11101000100001001100100000001101
11110110010000010000000000001101
01000100000010000011000010011011
11111011100100000010000100110111
11111011100100001111001011110001
11110001101001011111010111110001
11111011000000010000010110000000
00111100000110110000010000010010
01000010011001001101010100000010
11100000000000000010000000000001
11111000110111110010000000000000
01000110100000001010000010011000
01000100111110100010011100000000
00001010101111101111000110101010
00000111111000001110000000001110
01000110001100101101000000001010
11101011000001110100011001101000
00100011000000010000000101000111
00000001100000011110101100001010
11111110001011011111000000000000
00000000000001111110100010001101
00011100011111110001000001100100
11010001111011100010110000000000
01000100011111110100111100011001
11100000000110010011111110101110
11010000000101010000011111101000
00010000000001001110101100000111
00001010000110001111000100001101
00000000000011101110100010010000
00000000000011101110100010001010
01000010111100000110100011000000
00011001100110001101000100000001
01000110001100101001000000001000
10101001000001100010001100000001
11110000000000001010100000000011
10101011000000111111111000001110
00000000000001111110100010000011
00011100011001000001000001101101
11010001111000110010110100000000
00000011000000011111000001001111
01000110011010010100011000110010
00001111000000001111000110111000
11010000000000101010100000000011
11111101111010001111000000000000
11110000000000001110000000000001
11101001110010011111110111111010
11111000110010010000000100000000
10110000000010100010000000001000
10000111111100001110100010111101
00000000000000000011101010111000
01000110000001001011010100010000
10000000000000001111001110101111
11101000101111010100011000100000
11110111111111100100000000010000
00101000000000001011111100010100
11110000000000001101000000000001
01000111011100001011100010001001
00100001000000001011010100010000
11110000000000001010000000000010
00100000000000011111100000010011
00000000000000001011110100010000
01000001010001110100100101010011
00111010010101000101001001000010
01101110011000100100000100100000
01100001011011010111001001101111
01100101011101000010000001101100
01101110011010010110110101110010
01101111011010010111010001100001
00000000000000000000000001101110
01000110000001011011010101110000
00100000000010100100011000001100
00011100011011011110000000000000
11111000011011001111000000000000
01111000001010001011000100110101
11010001111110000010100000000000
00011100011001001110000000000010
11111000011001001111000000000000
01111000001000001011000100010100
11010001111110000010100000000000
01000000011100001110100010111101
11110000000000000010000000001010
00000000000000001011100001011011
00111100000000011111000001001111
00101011000001001111100001010000
00111011000001001111100001010001
11010001001000010100001010011010
00000011000011001110101110100010
11101010000100110100001110010011
11010001000101110001001111001100
00101011000001001111100001010000
00111011000001001111100001010001
11010001000101010100001010011010
00000011000011001110101110100010
11101010000100110100001110010011
11010001000010110001001111001100
00101011000001001111100001010000
00111011000001001111100001010001
11010001000010010100001010011010
00000011000011001110101110100010
11101010000100110100001110010011
11010000110110110001001111001100
00000000000000001111000001001111
10111111000000000100011101110000
10111010000000010001101011010000
11110001100000011111101010110001
00000001000110001111000000000001
11110000000000011111101000100010
10110010110110110100000011001011
00011010110000001011001011000000
00000001001000001111000111000001
11110011000000011111101000101100
01000011100100010001101011010001
00010001110000111110101000010001
01000111011100001101000111100110
10110000100000101011010110000000
00000000000100001111001001001110
00000000000000001111001011001110
10011001000000011001000000000001
11110000001000000110100000001000
01100000000010000000000000000001
11111000000101101111000000000000
01100000000101001111011001000100
00000000000000001111011011000000
11111110110010101111011111111110
10111101100000001011000000000010
10010000000000001011000010000001
01000111011100001011000000000001
10110000100000101011010110000000
11111001100111011001000000000001
11110000000000000000000000000100
10011000000000011111100000100011
10111101100000001011000000000010
11110010010000001011000010000001
11110010110001000011000000000000
10010000000000000000000000000000
01101000000000001001100000000000
00100001000000101111001001000000
00000001001001011111001011000010
11010001000001110100001010001000
11110010010000001110011111111111
11110010110000100000000111001100
00100000000000010000000100000000
11100000000001100111000000001000
00000001110011001111001001000000
00000001000000001111001011000010
01110000000010000010000000000000
10110000000000011110011111111111
00000000000000000100011101110000
10110000100001001011010110000000
00000000000011111111100010001101
00010000000000001111001001000000
00000000000000001111001011000100
11110010010000001001000000000001
11110010110001000001000000000100
10010000000000000000000000000000
11111000001011101111000000000000
11100111111111111001000000000010
01101000000000001001100000000001
00101000000000000000011001000000
11100111111111111101010000001001
00000000110011001111001001000000
00000000000000001111001011000010
10111001000010000111100000000000
11100000000000001110011111111111
11111001100111011110011111110000
10011001000000000000000000001111
10110000000001000110000000001000
00000000000000001011110110000000
10110000100000101011010110000000
10010001000000001001000000000001
00000000000001001111100110011101
11111111110100001111011111111111
10110000000000101001100000000001
00000000000000001011110110000000
11110010010000001011000010000001
11110010110001000010000000000100
10010000000000000000000000000000
01101000000000001001100000000000
01000111011100001011000000000001
11110010010000001011000010000010
11110010110000100000000011001100
01111000000000000000000000000000
11100111111111111011100101010000
00000000110110001111001001000000
00000000000000001111001011000010
00110001000000010110100000000001
01101000000000000110000000000001
11100000000001101001000000000001
01000000100000001111000001001111
10011000000000001001000000000000
10010000000000010110100000000000
10011000000000011110011111111111
01000111011100001011000000000010
10110000100000101011010110000000
10010000000000000010000000000000
11110111111111111001000000000001
11110111111111111111111101111111
01000110000000011111111111010001
00000000110100001111001001000000
00000000000000001111001011000010
11110010010000000110000000000001
11110010110000100000000111001100
01111000000010100000000100000000
11110110010001000110100000000011
11110110110000000111000001111010
00100001001010110000000000000000
11111110001001001111011111111110
11111001010000001111000000000000
11111000001101101111000000000000
11110000000000000010000001100100
10011000000000001111100000010011
00000001110101001111001001000000
00000001000000001111001011000010
11110110010001000110000000001000
11110110110000000111000011010101
11110010010001010000000000000000
11110110110000000000000110011111
11110010010000000000000100000000
11110111111111100001001010101111
00000000000000001111111000010111
10110000100000101011010110000000
10011001000000011001000000000001
01110000101111011111011001000100
00000000000000001111011011000000
11111110000000001111011111111110
11111111101000101111011111111111
11100111111111111001000000000000
11111111100111101111011111111111
00011010010000001001100100000000
01000010100010001001100100000001
11100111111111111101001000000001
11110110010001001110011111110110
11110110110000000111000001000111
11110111111111100000000000000000
10110000000000101111110111101101
00000000000000001011110110000000
10110000100001001011010110000000
00000001000000001111001001000000
00000001000000001111001011000010
01101000010010010110100000001000
00000011000010001111001001000000
00000011000000001111001011000010
01101000010110110110100000011010
11111010000011001111000000000010
11110010010000000100011000001010
11110010110000100000000111101000
01100000010010100000000100000000
01101000000010000110000000001000
11110010010011110110100001001001
11110010110010110110001011100100
11110110010000100101001011000010
11110110110000110010001111000111
11110000000000100111001111100101
10110001000010001111110100111111
11100000000010111110011111111111
01110000110110101111011001000100
00000000000000001111011011000000
00000001100111111111001001000101
00000001000000001111011011000000
01110010101111101111010001001111
11111101110001001111011111111110
00000000111010001111001001000000
00000000000000001111001011000010
11110110010001001001000000000011
11110110110000000110000001010111
11110111111111100000000000000000
11110010010000001111110110101101
11110010110000100000000100000000
01101000000010000000000100000000
11110010010000000110100001001001
11110010110000100000001100001000
01101000000110100000001100000000
11110000000000010110100001011011
01000110000010101111111101101001
01100000010010101001100100000011
01101000000010000110000000001000
00100010001110010110100001001001
01100010000010011111001011001111
01100011100001011111001001001100
01110011110110111111011011000011
11111101000010001111000000000010
11100111111111111011000100001000
11110110010001001110000000001011
11110110110000000111000011110010
11110010010001010000000000000000
11110110110000000000000110011111
11110100010011110000000100000000
11110111111111100111001011000000
11110010010000001111110110001101
11110010110000100000000011101000
10010000000000100000000000000000
01100000011110101111011001000100
00000000000000001111011011000000
11111101011101101111011111111110
01101000000010001001100100000010
11110000000000010110100001001001
01000110000010101111101101100001
00000001111000001111001001000000
00000001000000001111001011000010
01100000000010000110000001001010
01101000010010010110100000001000
01000010100010111111001001001101
01010010010110011111001011001100
00110011000101101111011001001011
01110011110111001111011011000011
11111100110101101111000000000010
11100111111111111011000100001000
11110010010001011110000000001011
11110110110000000000000000100100
11110010010001010000000000000000
11110110110000000000000110011111
11110100010011110000000100000000
11110111111111100111001011000010
11110010010000001111110101011011
11110010110000100000000011100000
10010000000000010000000000000000
01100000111011111111011001000100
00000000000000001111011011000000
11111101010001001111011111111110
00000001111010001111001001000000
00000001000000001111001011000010
01101000010010010110100000001000
11111001011000001111000000000001
10011001000000010100011000001010
01100000000010000110000001001010
01101000010010010110100000001000
01110010111101101111001001001011
00100010111011011111001011001010
00110011001101011111001001001111
01110011111100011111011011000011
11111100101001001111000000000010
11100111111111111011000100001000
11110010010001011110000000001011
11110110110000000000000000111101
11110010010001010000000000000000
11110110110000000000000110011111
11110100010011110000000100000000
11110111111111100111001011000100
11110010010000001111110100101001
11110010110000100000000011100000
10010000000000000000000000000000
01110000000001001111011001000100
00000000000000001111011011000000
11111101000100101111011111111110
00000001111010001111001001000000
00000001000000001111001011000010
01101000010010010110100000001000
11111101000000001111000000000001
10011001000000000100011000001010
01100000000010000110000001001010
01101000010010010110100000001000
00000010100110001111011001001100
00110010110001101111011011000010
00010011010110101111011001001010
01110011110111011111011011000011
11111100011100101111000000000010
11100111111111111011000100001000
11110010010001011110000000001011
11110110110000000000000000001011
11110010010001010000000000000000
11110110110000000000000110011111
11110100010011110000000100000000
11110111111111100111001011000110
11110110010001001111110011110111
11110110110000000110000011011011
11110111111111100000000000000000
10110000000001001111110011100101
00000000000000001011110110000000
10110000100001101011010110000000
10010000000001010010000000000000
00000000000100001111001001000000
00000000000000001111001011000010
11110010010000000110100000000000
11110010110000100000000100010100
01101000000010010000000100000000
11111110010100001111000000000010
11110010010000000100011000000001
11110010110000100000000011110100
01100000000000010000000000000000
11110010010010110110100000000000
11110110110000110111000111010001
11110000000000100101000111111001
10110001000010001111110001100111
11100000000010111110011111111111
00000000110000111111001001000101
00000000000000001111011011000000
00000001100111111111001001000101
00000001000000001111011011000000
01110010101100001111010001001111
11111100110000101111011111111110
00000000111101001111001001000000
00000000000000001111001011000010
11110110010001001001000000000100
11110110110000000110000001101001
11110111111111100000000000000000
11110010010000001111110010101011
11110010110000100000000000010000
01101000000000000000000000000000
00000001000101001111001001000000
00000001000000001111001011000010
11110000000000100110100000001001
01000110000000011111110001110111
01100000000000011001100000000100
11110000010011110110100000000000
11110000000000100101000101111000
10110001000010001111110000111001
11100000000010111110011111111111
00000000111001101111001001000101
00000000000000001111011011000000
00000001100111111111001001000101
00000001000000001111011011000000
01110010101100101111010001001111
11111100100101001111011111111110
00000000111101001111001001000000
00000000000000001111001011000010
11110110010001001001000000000011
11110110110000000110000010001100
11110111111111100000000000000000
10011000000000111111110001111101
11110000000000010110100000000000
01000110000000011111101110100001
00000000111100001111001001000000
00000000000000001111001011000010
01101000000000000110000000000001
01010001111100001111001001000101
01100001000000001111011011000011
11111100000011101111000000000010
11100111111111111011000100001000
11110010010001011110000000001011
11110110110000000000000011110010
11110010010001010000000000000000
11110110110000000000000110011111
11110100010011110000000100000000
11110111111111100111001010110100
11110010010000001111110001101001
11110010110000100000000011110000
10010000000000100000000000000000
01100000101100011111011001000100
00000000000000001111011011000000
11111100010100101111011111111110
00000000111101001111001001000000
00000000000000001111001011000010
11110000000000010110100000000000
01000110000000011111100110101101
01100000000000011001100000000010
11110010010000000110100000000000
11110110110000110101000100011101
11110000000000100111000110111001
10110001000010001111101111100011
11100000000010111110011111111111
00000000110101011111001001000101
00000000000000001111011011000000
00000001100111111111001001000101
00000001000000001111011011000000
01110010101101101111010001001111
11111100001111101111011111111110
00000000111100001111001001000000
00000000000000001111001011000010
11110110010001001001000000000001
11110110110000000110000011000110
11110111111111100000000000000000
11110010010000001111110000100111
11110010110000100000000011110100
01101000000000000000000000000000
11111100010010001111000000000001
10011000000000010100011000000001
01101000000000000110000000000001
00110001101111011111011001001010
01100001000000001111011011000011
11111011101110001111000000000010
11100111111111111011000100001000
11110010010001011110000000001011
11110110110000000000000010110010
11110010010001010000000000000000
11110110110000000000000110011111
11110100010011110000000100000000
11110111111111100111001010111000
11110110010001001111110000010011
11110110110000000110000010011101
11110111111111100000000000000000
10110000000001101111110000000001
11101010010111111011110110000000
10111111000010000000110001000000
00001111000000001111000010010001
00100011100011001110101001001111
00100010110000011110101001001111
01010001010100011110101001000011
01010000000111001110101001001111
11110101000000001011111100011000
11101010010011110100000011110000
10111111000110000000000000110000
01000001000000001111000001000001
01011100011011001110101001011111
10000000001010011111000000000000
00111111111111111111000110111100
11110000010000001011111100001000
01000111011100000100000010000000
10111111000001100000110000010011
11110000010011110000010000010010
11110000010011110000110000010000
00001110000100110000110000000000
00000010000100101011111100000100
00001100000010001111000100001100
10111111000001000000111100010011
11110001000011000000000100010010
00001111100100110000110000000100
00000000100100101011111100000100
00001100000000101111000100001100
10111111000001000000111111010011
11110001000011000000000001010010
01000110000100010000110000000001
00000010000000001111000001001111
00000000000111111111000110100000
00000000000011001110101110100000
11110000000100010100011101110000
10111111000010000100111100000000
11110000001100010100011101110000
11110100001111110100000100000000
00001100000010111010111111010101
00000100000010011011111100000110
00001100000100001111000001001111
00001100000000001111000001001111
10111111000001000000111000001011
11110001000011000000001000001001
00001111000010110000110000001000
00000001000010011011111100000100
00001100000001001111000100001100
10111111000001000000111110001011
11110001000011000000000010001001
00001111110010110000110000000010
00000000010010011011111100000100
00001100000000011111000100001100
00000011001000001111000111001100
11110011000000111111101000100010
00000001000000111110101001000001
11110010000011001111101000000010
00000000000011001110101110100000
00000000000000011111000100000000
00000000000000000100011101110000
01000111011111111111000000100011
01001100011111111111000000100000
00000000000000111110101010000000
01000000000000001111000000000000
00000011000001111110101110101100
01010011011111001111010100000011
00000011111111111111000100000011
01001001100000001110100100101101
11101010010011111011010000001001
11101010001001000100001100010100
11101010010011110100100000000011
11101010001001010100101100010101
11110010000011110100111000001011
11101011000001100010011000000100
01111000001111100010011100010011
01100111000001101111101100000011
00000111000000001111010111000111
11110110000001101111101100000111
01000110110101101110101001001111
00000110000000101111000100000110
00110111010101001110101001001111
01101100000001101111101100000111
01011100000000001111000111001100
01000111000111001110101001001111
01001100000001111110101000101100
11110101000001101111101100001100
11110100000001101111101100000111
01000110000101011110101100000100
00010110100101101110101001001111
11101010010111110000100001001001
10111111001101000000001000110010
11110000010011110010000000000000
11101010010011110100000000000000
11111011000001100011011111010001
11101010010011111111110000000111
11111011000011000100110000011100
00011011110100101111011100001011
11110111000011001111101100000011
00000001000001111110101101100001
11110111000011101111101100001100
01000000000001111110101110110000
01000010000101111110101101110010
11110111000010001111101100001100
11101011101000101011111100110100
11101011101100100100001000000111
11101011011000010100001000000111
11101010010011110100000100010111
11101010010011110100010000001100
11111011000001100000011110010001
11101010010011111111110000000111
11111011000011000100110000011100
11101011101100001111011100001011
11101011011100100100000011000111
11111011000000110011001001010111
10111111001101001111011100001100
01000010110001111110101110100010
01000010110001111110101110110010
00110001010101111110101101100001
11110111000011101111101100001100
00000000110001111110101110110000
01110010010101111110101101110010
11110111000010001111101100001100
11101011101000101011111100110100
11101011101100100000001011000111
11101011011000010000001011000111
11101010010011110111000101010111
11101010010000010110000110000001
11101010010011110001000110010010
11101010010000100110001010000010
11101010010011110001001010010000
11101011000001000110000010000000
10011111000000110000010011001100
00110111110100011110101001001111
11111100000001111111101100000110
01001100000111001110101001001111
11110111000010111111101100001100
11111011000000110001101111010010
11101011011000011111011100001100
11111011000011000000000100000111
11101011101100001111011100001110
11101011011100100100000000000111
11111011000011000100001000010111
10111111001101001111011100001000
01000010000001111110101110100010
01000010000001111110101110110010
01000001000101111110101101100001
01010101100011001110101001001111
00100100100111001110101100000100
00000111100100011110101001001111
11111100000001111111101100000110
01001100000111001110101001001111
11110111000010111111101100001100
01000000110001111110101110110000
00110010010101111110101101110010
11110111000011001111101100000011
11101011101000101011111100110100
11101011101100100100001011000111
11101011011000010100001011000111
11111011000011000011000101010111
11101011101100001111011100001110
11101011011100100000000011000111
11111011000011000111001001010111
10111111001101001111011100001000
00000010110001111110101110100010
00000010110001111110101110110010
01110001010101111110101101100001
01100001100000011110101001001111
00010001100100101110101001000001
01100010100000101110101001001111
00010010100100001110101001000010
01100000100000001110101001001111
00100101010011001110101100010101
00000100000000001111000101000100
00110111110100011110101001001111
11111100000001111111101100000110
01001100000111001110101001001111
11110111000010111111101100001100
11111011000000110001101111010010
11101011011000011111011100001100
11111011000011000000000100000111
11101011101100001111011100001110
11101011011100100100000000000111
11111011000011000100001000010111
10111111001101001111011100001000
01000010000001111110101110100010
01000010000001111110101110110010
01000001000101111110101101100001
00110001100000011110101001001111
01000001100100101110101001000001
00110010100000101110101001001111
01000010100100001110101001000010
00110000100000001110101001001111
01110110000011001110101001001111
00010101000111001110101100010101
00000100000000001111000101000100
01000011000000111110101001001000
01001000000010111110101001001110
00001110000000001111000001001111
00001100000010001110101110110010
00000111000000111110101101110001
01000110011000101011111100100100
11101011010011100100011000111001
11110000010011110000111000001110
00011000000000000000101100000000
01000001010010010100000101010010
00001011000010111110101101001011
00001100000010001110101110110010
00000111000000111110101101110001
00001011000000001111000101111011
01000110011000101011111100100100
11101011010011100100011000111001
11110000010011110000111000001110
00011000000000000000101100000000
01000001010010010100000101010010
00001011000010111110101101001011
00001100000010001110101110110010
00000111000000111110101101110001
00001011000000001111000101111011
01000110011000101011111100100100
11101011010011100100011000111001
11101010010100010000111000001110
10111111000110000000011100000010
00000110000000011111000001000110
01110110000011101110101100010110
00000010000000001111000101010101
00000001000000001111000101010100
11101000101111011101010100000011
11101000101111010000000110001001
11101000101111011000100000000000
11101000101111010000000110001001
00011001101101100100100000000000
11101011010000010100000101010010
11110001101000110000000100000001
01000111011100000000001100000001
01111110011111111000000010000000
01111010011110110111110001111101
01110110011101110111100001111001
01110011011101000111010101110110
01110000011100010111000101110010
01101101011011100110111001101111
01101010011010110110110001101100
01101000011010000110100101101010
01100101011001100110011001100111
01100011011000110110010001100100
01100000011000010110000101100010
01011110010111110101111101100000
01011100010111010101110101011110
01011010010110110101101101011100
01011000010110010101100101011010
01010110010101110101011101011000
01010101010101010101010101010110
01010011010100110101010001010100
01010001010100100101001001010010
01010000010100000101000001010001
01001110010011110100111101001111
01001101010011010100110101001110
01001011010011000100110001001100
01001010010010100100101101001011
01001001010010010100100101001010
01000111010010000100100001001000
01000110010001110100011101000111
01000101010001010100011001000110
01000100010001000100010001000101
01000011010000110100001101000100
01000010010000100100001001000011
01000001010000010100000101000010
00101011000000000100011010011100
00000000011101111101010000110000
11101010010011111101000000101011
10110101000111000000011100110111
11110000010011111011010000000011
11110000010011110000000000010000
11110001101110100000000100010000
11010000000001100000111100000000
00001111000000001111000110111100
11110000010000001011111111011100
11110000010000000000000000001000
11110000010011110000000100001000
10111100000011110000000000000000
01000000000100001110100010111101
00001011000000011111000100001011
00001111000000011111000110111011
11101010010111111011111100001000
10111111001000100000011100010111
00000010000000011111000100010010
00000001000000011111000100010001
01000001000000001111000001001111
00000011000000001111000101000011
01000000000000001111000000000000
00000000000000001110101001000011
11010011111110010100011101110000
11100111110100000000100001010111
01000110000001101110101001000110
01000110000101101110101001001111
00001111010000001111000100010011
11110001000100111101110100011111
10111111110111110000111100100000
01000110000010100100001100010110
00110011001000000010000100000000
11010000101111100100001001011011
00000111001000001111000111000011
01000110000001101110101001000110
01000110000101101110101001001111
11110111000001111111101000000010
00000110000001111110101001000110
11110010000000111111101000100010
00000111001000001111000111000011
11110111000001111111101000000001
00000010000001111110101001000010
11110001000000111111101000100001
00000011000000001111000001001111
11101010010001101110011110100111
11101010010001100000011000000010
11101010010011110100011000000110
11101010010001100100011000010110
10111111101111000000011000000001
01000110000001101110101001000110
11110000010011110000110000110110
11110000010011110000001100000000
11110000010011110000001000000000
11100111100101000000000100000000
01001100100000001110100100101101
01000110100110101011010001110000
11101000100100010100011010010011
11001000000001110000000000111000
00001100010000001110101000110001
11101010001101001011111101001000
11010101000000110000110001000011
11111101111001101111011111111111
11111111100000001111011111111111
11101000101111011011110011110000
11101001001011011000110000000000
10110100011100000100110010000000
01000110100100110100011010011010
00000000001110001110100010010001
11110000000100001100100000000111
10111111000010000100111110000000
01001111100000001111000000010011
11110000000000001101000100000011
11110111111111111111100000000101
10111100111100001111111101101011
10001100000000001110100010111101
01000111011111111111000000100000
01001100011111111111000000100011
00000000000000111110101010000000
01000000000000001111000000000000
00000011000011001110101100000111
01010011011111001111010110100011
00000011111111101111000110100011
00001111000000001111000010010010
10000000101100111111000000000000
00001111000000001111000010010101
10000000011101111111000000000000
01001001000000011110100100101101
01000000000100011110101001001111
01001000000000001110101000100001
01000110000101001110101001001111
01000111000001101110101000100100
11111100000001101111101100000000
11110110000001101111101100001000
11111000000010001111101100000111
01001000000001101110101100011000
01001100000101101110101101001100
11110111000001111111101100000000
01001000000001111110101100011000
01000000000101111110101101001100
01001011000100101110101001001111
01001110000010111110101000100010
01000110000101011110101001001111
01000111000001101110101000100101
11111100000001101111101100001011
11110110000001101111101100001110
11111110000011101111101100000111
01001110000001101110101100011110
01001100000101101110101101001100
11110111000001111111101100001011
01001110000001111110101100011110
01001011000101111110101101001100
00001000000010111110101100011000
00000000000000001111000101000000
00001011000011101110101100011000
00001000000000001110101101011000
00000000000000001111000101000000
11110000010011110001101010001111
11110000010011110000000100000000
10111111001111000000011000000000
00011011011001100100001111001001
11101011101101011011111100010100
00100001000000000000110000000100
01000011110010011011111100111100
11101010010011110001101111110110
11101010001001110100010000010111
11101010010011110100010100000100
11101010001011000100011100011100
11111011000001000100110000000111
11111011000001010110001000000111
11111011000011001111011100000111
11101011000101101111011000000101
11101011010000100100011000000111
11111011000001000100001000010111
11101011000101101111110000001100
11101011010000100100011000001100
11101011000110110100001000011100
11101011010110000000011000000110
01000001010000010000001000000010
00001110100011101110101001001110
00000110100111101110101001000110
11101000101111011101010100000001
00011001101101101000100100000001
11101011010000010100000101010010
11110001101000110000000100000001
11101000101111010000001100000001
11101010010011111000100100000001
11101010001001000100010100010100
11101010010011110100011000000101
11101010001000010100011100010001
11111011000001010100110000000111
11111011000001101111010000000111
11111011000011001111011100000111
11101011000100011111000100000110
11101011010001000100000100000111
11111011000001010100010000010111
11101011000100011111110000001100
11101011010001000100000100001100
11101010010011110100010000011100
11101010001000100100011100010010
11111011000001010100110000000111
11111011000001101111001000000111
11111011000011001111011100000111
11101011000101101111011000000110
11101011010000100100011000000111
11111011000001010100001000010111
11101011000101101111110000001100
11101011010000100100011000001100
00011000011010100100010100011100
00000001000000001111000101010100
01000111011100001011111101001000
01000001010100100001100110110110
00000001000000011110101101000001
00000011000000011111000110100011
11110000100101010100011101110000
11010000001101110000111100000000
01000010000100011110101001001111
01000110000000101110101000100001
01000111000101001110101001001111
01001100000001111110101000100100
11110001000001111111101100000010
11110111000001111111101100000110
11110100000001101111101100001100
01000100000001111110101100010100
01000001000101111110101101000001
11111100000011001111101100000010
01000100000011001110101100010100
01000001000111001110101101000001
01000111000101011110101001001111
01001100000001111110101000100101
11110101000001111111101100000010
11110111000001111111101100000110
11110110000001101111101100001100
01000110000001111110101100010110
01000101000101111110101101000101
11111100000011001111101100000010
01000110000011001110101100010110
01000010000111001110101101000101
11110001010100010001100100010010
10111111010010000000000100000000
00011001101101100100011101110000
11101011010000010100000101010010
11110001101000110000000100000001
01000111011100000000001100000001
01000101000101001110101001001111
01000110000001011110101000100100
01000111000100011110101001001111
01001100000001111110101000100001
11110001000001111111101100000101
11110111000001111111101100000110
11110010000001101111101100001100
01000010000001111110101100010010
01000001000101111110101101000001
11111100000011001111101100000101
01000010000011001110101100010010
01000001000111001110101101010001
00000110000000001111000001001111
01000111011100001011111101001000
11101011010000010001100010010010
11110001101000110000000100000001
01000111011100000000001100000001
11101010010100000000000001001001
10111111000110000010000011000001
00001101010010100010000000000100
11110000010000001011111100011000
11110010010000000000000000000001
11101011101100100111001011111111
10111111000010000101111101010001
00000000000000101111000001000000
10111111000010000010100000000001
01000111011100000010000000000101
00000010000010000000000001000001
00100000000001001011111100011000
10111111000110000000111000001010
00000000000000011111000001000000
01000010011111111111000001001111
00000001000000011110101000110010
11110000010000001011111100001000
00101000000000010000000000000010
00100000000001011011111100001000
00000000000000000100011101110000
01001111111101111110100100101101
10110000100101000100011000010100
11101001110001000010000100000000
10011001000101010001000100000010
11110000001000011001000100000111
01001001110010010100010100000000
11011100000001100100001010001101
11101001110001001001100100010101
10110000000101110000000100000000
11101000101111010010000000000000
01001001110001011000111111110000
10100011000101001111100011011111
11011101001111000100001010101001
01001110110001001001100100000111
01001111110001000010100100000000
10011001000101010100101011000100
11011101000110010100011001010011
11111110000011001111000000000001
11010000000001100100010101010101
01001011110000100100101011000001
11111110000001101111000000000001
00000001000000001110100111000100
11110000010011111110000000001010
01001011101111100101001011010011
11111101111111101111000000000001
01000110001110110100011000110010
11111101111110101111000000000001
00000001000000001110100111000100
00100000000000011011000000010111
10001111111100001110100010111101
11111000110111101111000000000001
11010000000001100100010101010101
01001011101101010100101010110100
11111000110110001111000000000001
00000001000000001110100111000100
11110000010011111110000000001010
01001011101100010101001011010011
11111000110100001111000000000001
01000110001110110100011000110010
11111000110011001111000000000001
00000001000000001110100111000100
11110000010011111011000000010111
11101000101111010011000011111111
01001001101010111000111111110000
10011001000101010100001010101001
11110000001000011101101101111000
01000110100000110100000100000000
01001010101010000100011010001000
11110000000000010100101110101000
00100010000000001111101111011101
11110000000000010100101110100111
11110000000000011111100010110101
10010000000010011111101100000101
11111011001100011111000000000001
01000110000011110100011000000110
01000110010100110100101010011100
11111011110011101111000000000001
01000110010110100100011001000011
11111100110010001111000000000001
01000110100010100100011010000000
01001011100110010100101010011000
01000110001110010100011000110000
11111011110000101111000000000001
00100101000000010000110100101010
01000110010000101001001000001011
11110000000000010100011001010011
00101101000000111111110010111001
00000001000000001110100111000100
10011000000010111101000000111001
01010001000010101111001111000001
11101011000001010001101001000000
00111001000100010001000101000101
11011010001100000100001010000001
01000110110000110100100010010001
11101011000000000100010001111000
11111000110011010001000000000101
10010000000011001010000000001100
00100011000000001110100111010000
01000110001110010100011000110000
11111011101000001111000000000001
01000110000010110100011000000010
10010000000001101001000100000100
10011001000000110100011001011000
11111101100010001111000000000001
01000110100010100100011010000000
01000110000010110100011000000010
10011001000000110100011001011000
11111101100000001111000000000001
10011010000001101001101100000100
11111101011111001111000000000001
10011000000011000100011010000011
01000110001110011001000100000011
00100011000000101110100111010000
11110000000000010100011000110000
01000110010110101111101110000011
11110000000000011001101100000011
00011100011011011111110101101111
10011000000001111110011110111101
10111111101000100010100000000000
10110000000101111001100000001001
10001111111100001110100010111101
11110000100000010110100001100001
01100000011000010100000100000000
10110000000101111001100000001001
11101000101111010100001001000000
11100111111111111000111111110000
10011000000101010100011010000100
00000001000100111111001111000001
01010000000010101111001111000000
00110000111101011111001010100000
00011000011000001110101001001111
00000110000111111111000000000000
00000000001000001111000111000110
00100000000000001001000000010011
10010000000001111001000000000110
00011110100000001111010001000001
01000110011011010010000000000101
01001010011001101011000101110110
00000001000000001110101100001000
11111000010100100100010001111010
11101011000000100011000000100001
01000000101100110000000110000001
10011001000100110110100001001010
11110001000000011111101000100010
11100000000001010100001100011001
11101011000010000100100101011111
01000100011110010000001000000000
00010000001000101111100001010001
00100111000011101111101110100001
00010011000011001111101110100001
01000010100110100100010000011010
00100011000000011011111100110100
11101011000000110010001100000000
11101011000001010000101000000111
11101001110100110000001110000000
01000100000011111011011100000001
10111111001101000100001010001111
00100001000000000010000100000001
01000100100010110100010010010011
01000101100100111011000100010001
11100000000000111101100100000010
11010010000000010100010110010011
11100000000000000010000100000001
11101001110000110010000100000000
01000100010100011011011100000001
00010000001000001111100001000101
11110001101000000001111000000001
11011100110000010000000000000001
10011111000001011001100000000010
01010000000000001111000100000000
10010000000100100000111110000000
11101001110111011001100000000010
00000000100000000101011000000011
11111010011010011111000000000001
01000110001010000100011010000011
11110000000000011001000100001101
11110000011011111111101001111011
11110000000000100000001000011101
11101001110011011111101010001000
01000110001100000000000100001110
11111010011100101111000000000001
00000010001111011111000001101111
11111010011111111111000000000010
01000110100010100100011010000000
11110000000000010100011000111000
11110000011011111111101001101001
11110000000000100000001001011101
01000110000001111111101001110110
01000110010100110100011001000010
11110000000000001001000100010001
11101001110111011111111111000111
11110000000000000010001100001110
01000110010110101111111111000011
11110000000000001001101100001101
00100101000000001111111110111111
01000110010110100100011000001110
10011011000011010100011000101000
11111100110011001111000000000001
00100011000011101110100111011101
11111100110010001111000000000001
01000110010100110100011001000010
11111100110001001111000000000001
10011011000100010100011000111010
11111011110011101111000000000001
10100000100110001111100011011111
01000110010100110100101000100100
11111010110010101111000000000001
01000110100010000100011000000111
01001011001001000100101000100011
01000110001010000100011000110001
11111010110000101111000000000001
01000110010000110100011000111010
11111111100110101111000000000000
01000110100010000100011000000111
01000010101010001111000001001111
01000110001100010100011001010011
11110000000000010100011000101000
01000110001110101111101010110101
11110000000000000100011001000011
10011010000101011111111110001101
01001111000000001111000000010010
10011010000100101101000000000100
01000001000000001111000010000001
10010010000100100100001001010010
00000001000000001110100111000100
10110000000101111001100000010010
10001111111100001110100010111101
00111111111010010010000111111011
01000000000000101101100101111100
00111111111110010010000111111011
00101110000000110111000001110011
00111011101000110001100110001010
01010100010000000000000000000000
00011010011000100110001100110001
00111101110100001011010001100001
01000001001110010010000111111011
01101101110010011100100010000011
00111111111001000101111100110000
00111111111000000000000000000000
00000000000000000010100000100100
00000000000000000010011110100000
00000000000000000010011110000010
01010100010001000010110100011000
00111101111110010010000111111011
00010001101001100010011000110011
00111100000100010000101101000110
01000001111100001110100100101101
11101011000000000001111001001111
01000110000001000000000111000111
00000001000000001110100111010001
01000110000111100100011000010101
00000010000001101111000000110111
01000110001010101101000000001101
11110000000000010100011000110011
00011110011111111111101001101011
00000011110001111110101100000100
00100011000000001110100111010011
11111111010000001111000000000000
00000010000001101111000000110111
00101111000000101101000111110001
00101111000001001101000000100101
00101111000001101101000000010011
11101000101111011011111100011000
01000110001010101000000111110000
11110000000000010100011000110011
11101001110101001111101001010101
11110000000000000010001100001010
01000110001010101111111100101101
11110000000000010100011000110011
11101001110101001111101001001101
11110000000000000010001100001000
01000110001010101111111100100101
11110000000000010100011000110011
11101001110101001111101001000101
11110000000000000010001100000110
01000110001010101111111100011101
11110000000000010100011000110011
11101001110101001111101000111101
11110000000000000010001100000100
01000110001010101111111100010101
11110000000000010100011000110011
11101001110101001111101000110101
11110000000000000010001100000010
01000110001010101111111100001101
11110000000000010100011000110011
11101001110101001111101000101101
11101000101111010010001100000000
11110000000000000100000111110000
00000000000000001011111100000011
01001101111100001110100100101101
10110000100011000100011000000100
11110000001000010100100010010000
01000110000101100100011100000000
01000110000011010100011010011000
01000010100001111001000100001001
01000110001000001101101000000110
11110000000000010100011000101001
00101000000000001111100101000011
10000000101011101111000000000000
01000010101110000100100010001001
10011000000010011101110000011100
10111111101111000010100000000000
01000101000000001111000010000101
01001000000000001111000010001000
01001011100001100100101010000101
01000110001010010100011000100000
11111011000000001111000000000001
01000110000011010100011000000100
01000110010000110100011000110010
01001001100000110100100010000010
11111011111010101111000000000001
01000110001010110100011000100010
11111110110100101111000000000000
01000110000001000010011000000000
01000110101100000100011000001101
01000110001010110100011000100010
01000110000110010100011000010000
11111001111011001111000000000001
01000110100000100100011010001011
01000110000010110100011000000010
11111001111001101111000000000001
10010000000010000100011000000010
01000110000010110100100001110111
00100001000001101001000100000000
11110111111111110100010001111000
11101001110011011111111101100001
01001000011101000001000000000011
01000100011110000010000100000110
10011010000010001001101100000000
11111111010110001111011111111111
01000110010110110100011001010010
11111001110100001111000000000001
00010000000001011110100111001101
01000110010110110100011001010010
01000110001010010100011000100000
11111001110010001111000000000001
10010000000000001001000100000111
00010000000000111110100111011101
00110010000001011110100111011101
11111110100111001111000000000000
10011010000000001001101100000111
11111001101111001111000000000001
01000110010000110100011000110010
11111110100101001111000000000000
01000110010110110100011001010010
11111001101101001111000000000001
01000110010000110100011000110010
11111110100011001111000000000000
01000110000011100100011010000000
01001011010111110100101001011110
10011000000000001001100100000111
11111001101010001111000000000001
01000110001100110100011001000010
11111110100000001111000000000000
01000110100010110100011010000010
01000110001010110100011000100010
11111110011110101111000000000000
01001000010011110100011010000000
01000010101110000100011000001110
11011100010110111001100000010100
11111000111100111111000000000001
01000110010000100100011000000111
10010001000001010100011000110011
11111110011011001111000000000000
00010000000000011110100111001101
01000110001100110100011001000010
01000110000110010100011000010000
11111001100010001111000000000001
00110010000000011110100111011101
11111111000111001111000000000000
01000110010110110100011001010010
11111011011100001111000000000001
01000110001010110100011000100010
11111010011110101111000000000001
11110000000000100010001000000001
01000110001110101111100011111110
11110000000000011001101100000101
01000110000001001111101001110011
10011000000010010100011000001101
11101010000000010010000100000010
11110001110000000111000010100000
11110000000000010000000000000001
10110000000011001111100011001000
01000110001010110100011000100010
01001101111100001110100010111101
10111001011001001111000000000001
00011100010000001001100000010100
01000011001000000100001100111000
10011000000101001101000000001011
11010000000100100010100000000001
01000110001000101011000000001100
11101000101111010100011000101011
00100000000000000100110111110000
11110000000000000100100100110100
10110000000011001011111011101011
01000011000000001111000000100101
11101000101111010100011000100010
00100000000000000100110111110000
11110000000000000100100100110000
01000110001000001011111011100001
11110111111111110100011000101001
00101000000001001111110011011101
11110000000000001011111100001000
01000110001000001111100001100011
01000110001010011011000000001100
10001101111100001110100010111101
10111111000000100010100000000001
10110000000011000100011001000000
10001101111100001110100010111101
01000110000010110010011100000000
01000110001000000100011000111010
11110000000000010100011000101001
01000110010100101111101000101101
11110000000000010100011001011011
01000110000001001111101000101001
01000110010000100100011000001101
00100000000000000100011000110011
11110000000000000100100100011100
01000110100000111111111010111011
01000110100010000100011000111010
01000110000100000100011000110011
11111001000111001111000000000001
01001011000110000010001000000000
11111101111101001111000000000000
01000110100010100100011000000110
01000110001010110100011000100010
01000110010000010100011000111000
11111001000100001111000000000001
01000110010100110100011000110010
11111101111010001111000000000000
01000110010000110100011001011010
11111001000010001111000000000001
01000110001110101011000000001100
11101000101111010100011001000011
11110000000000000100110111110000
00000000000000001011110111011101
00111110001100000000000000000000
00111111111001011001010000101000
01010100010001000010110100011000
00111111111010010010000111111011
00110011000101000101110000000111
00111100100000011010011000100110
00000000000000000010010101111100
00000000000000000010010110011110
01010101010101010101010101100011
00111111110101010101010101010101
10111111111100000000000000000000
00111111111100000000000000000000
11110000000000100010001000000001
00100010000000001011100001101010
01000110000100000100011000010011
11110000000000000100011000010001
00000000000000001011111001110111
00100000000000000100101000000010
11110000000000100000011100010001
00000000000000001011100001011110
11111111111111111111110100000001
11110000000000100010000100000001
00100001000000001011100010000110
11110000000000010100011000001000
11110000011011111011110001110101
00000111000010000000000101011110
10111000011111011111000000000010
01001101111100001110100100101101
01000110000101000100011000001101
01000001011111111111000001001111
00001111010001001110101110110001
11110000010011111011111110011110
01100000001010010011000111111111
10001101111100001110100010111101
01000000000000001111000001001111
00100001000001001110101001000000
01010000110001111111001111000100
11110000000100000011100001111000
01001011010010100000001000011111
00011100011000001110101001001111
00000110001000001111000111000010
11110011110001000100010001111011
11110001101000000101000011000111
11101010010011110000000001111000
11101011000000110001000001100000
11111000010100110000000010000000
10111111000010000011000000101100
11000110000000011110100111010000
11111000110100001101000000010010
01000000100100111100000000000100
11110111000001101111101000101100
01101000100001110100001100111011
11111100000000101111101000001100
11111000000001101111101000100111
11111010000001110110100011000000
01000000111100001111001000000010
00001100000010001110101001001100
00000110000000001110101001000010
00110010000000011111101110100011
11000000000000011111101110101100
01100001000000011111101110100110
00000110000011001110101100000001
10111111001101000100001010001110
00001100000000011111000001001111
00001100000000001111000001001111
01000100011000010001100011000001
00001111000000001111000110111100
01000010100000011101000000000010
11100000000000111101100100000010
11010010000000010100001010000001
11100000000000000010000000000001
01000100000100000010000000000000
00000010001000001111000100000000
00011000100100101110101001001111
00001100110010100000011010000000
00110000010000101110101001000000
11111000110001010000001101001111
11110000000000011000000000000000
01000110100000101111110100011011
11110000000000010100011000111000
11110000011011111111110100101111
11110000000000100000000100010010
01000110000001111111100000001110
11110000000000010100011000110000
11110000011011111111110100100111
11110000000000100000000100100101
01000110100000111111100000000110
01000110010100000100011000111001
11111011001011001111000000000001
11110000000000010100011001011001
11110101000000001111101100101001
11110011011011110110011000000000
01000110010100010000011000001011
11110000000000010100011000110000
01000110001110011111111100011101
11111111000110101111000000000001
11110000000000010100011001011001
01001001000100001111111010000101
11111101100001101111000000000001
01001001000011110100011000000111
11110000000000010100011000110000
01000110001110011111110110000001
11111011000100001111000000000001
01001001000011000100011000000111
11110000000000010100011000110000
01000110001110011111110101111001
11111011000010001111000000000001
01001111000000001111000000010100
11101000101111011011111100001000
11110001110010001000110111110000
11110000100000000101000110000000
01100000001010010100000000000000
10001101111100001110100010111101
00000000000000000010001011110100
00101111110010010000111111011011
00101001111111011010101000100010
00101111110010010000000000000000
00101000000010100011100000110000
00100000000000011101001000000001
00100000000000000100011101110000
00000000000000000100011101110000
01001101111100001110100100101101
11111000110111110100011000000101
11110000001000011000001000111000
01001111100011010100000000000000
01000110000011001011000010000010
11011011001000000100010101000000
00000001000010001110101110100000
11010000000010110100001100101001
01000010100010000100100110001001
11010001000100001101110000000001
10110000000000101011000101111101
01000110001000010100011000101000
01001101111100001110100010111101
10111111000010101111011111111111
10111111110001110010110000000000
01000110000000010010000000000000
01000110001110010100100010000010
11101000101111011011000000000010
00100000000000011000110111110000
11111100000010011111011111111101
11101000101111011011000000000010
11110111111111110100110111110000
01001001011111011011111011111100
11011010010001000100001010001000
01000010100000010100100101111100
01001000011110011011111110100001
10110000000000100100100101111011
10001101111100001110100010111101
01000110001000110100011000101010
01000110000110010100011000010000
11111111110100001111000000000000
01000110000000100100011010000011
01000110000011100100100001110110
00100001000001100100011000001011
11110111111111110100010001111000
01000110010110101111110101001011
11110000000000000100011000110011
01000110000001111111111111000011
01000110100010100100100001110001
01000110001100110100011001011010
01000100011110000010000100000100
11111101001111101111011111111111
01000110001100110100011001011010
11111111101101101111000000000000
01000110010000110010001000000000
11111100100011101111000000000000
01000110000010110100011000000010
01000110010100010100011000111000
11111101010001001111000000000000
01000110001000110100011000101010
11111111101010001111000000000000
01001011011001100100101001100101
11111000101000101111000000000001
01000110001000110100011000101010
11111000100111101111000000000001
01001010010110111011000000000010
01001101111100001110100010111101
11110000000000010100101101011100
00101100000000001011100010010111
00000010000000001111000001001111
01000110010001101101101001001011
01000110001010000100011001000011
11110000000000000100011000100001
11110000010011111111110001101011
11110000000000010011001011111111
01000110000001001111111100010000
01001000010110000100011000000010
01000110000010110100011000001101
01000100011110000010000100000110
11111101000001101111011111111111
01000110001010110100011000100010
11111111011111101111000000000000
01001000010100110100011010000000
01000110001000100100011010001010
00100001000001000100011000101011
11110111111111110100010001111000
01000110001000101111110011111001
11110000000000000100011000101011
00100010000000001111111101110001
11110000000000000100011000110011
01000110000001101111110001001001
01000110001000000100011010001011
11110000000000000100011000101001
01000110000001001111101011101111
01000110001100100100011000001101
01000110010000000100011001011011
11110000000000000100011001010001
01000110001000101111110011110111
11110000000000000100011000101011
01001010001111111111111101011011
11110000000000010100101100111111
01000110001000101111100101000111
11110000000000000100011000101011
00100010000000011111110000101111
11111110110101011111000000000001
01000110001110111011000000000010
01001101111100001110100010111101
11110000000000010100101000110001
01001011001011011011100001000111
01000110001000010100011000101000
11111000010000101111000000000001
00110010111111111111000001001111
11111110110001011111000000000001
01000110000011100100011000000101
11111010110001001111000000000000
01000110000011000010011100000000
01000110001110100100011010000000
11110000000000000100011000001011
01000110100000101111110000010001
01000110001110100100011010001011
01000110000100000100011000100011
11110000000000000100011000011001
01000110001010101111111100101101
11110000000000010100011000110011
01000110010100101111100000100111
11110000000000000100011001011011
01000110100000101111110010111101
01000110100010110100100000100111
01000110001100110100011000101010
01000100011110000010000100000110
11111100101000001111011111111111
01000110001100110100011000101010
11111111000110001111000000000000
00000001000000001110100111001101
01000110001010100100100000100001
00100001000001000100011000110011
11110111111111110100010001111000
01000110001010101111110010010011
11110000000000000100011000110011
00100010000000001111111100001011
11110000000000000100101100001101
01000110000000101111101111100011
11101001110111010100011000001011
11110000000000000000000100000000
01000110010000101111110010011001
11110000000000000100011000100011
01000110010100101111111011111101
11110000000000000100011001011011
01000110001110101111101111010101
11110000000000000100011000100011
10110000000000101111101111010001
11101000101111010010001000000001
11110000000000010100110111110000
00000000000000001011111001110100
00111111111100000000000000000000
01000000000010010010000111111011
01111111111100000000000000000000
01010100010001000010110100011000
00111111111000000000000000000000
00111100011000000000000000000000
00111111111110010010000111111011
00000000000000000001111101111000
00000000000000000001111110001110
00110011000101000101110000000111
00111100100100011010011000100110
00000000000000000001111011101110
00000000000000000001111100000100
00000000000000000001111000100010
00000000000000000001111000111000
01000001111100001110100100101101
11110000010011110100011000000100
11101011000000000100000000011010
11110001101100000000000001000100
01000110001000000101111111001000
11110000010011111101100001010101
11101011101100010100000111111100
11010010000111000000111101000100
01000000000000001111000000100100
01010001011111101111000001001111
11111101000000101111000000000001
00110001111111111111000001001111
11111110011010011111000000000001
11110000000000000100011000000101
11110000000101001111101001100001
10111111000111010100111100000000
01001110001011010100111100101100
01000000000000001111000010000000
10111111000010000010011100000000
11110000010011110100011000111110
11110000000000010100000101000000
01000110000001001111101111110001
01001111001010001110000000000101
01000110000000010100111000101000
11111011111010101111000000000001
01001001001001110100011000000101
11110000000000010100011000101000
01001001001001101111101111100101
11111001011101001111000000000001
11110000000000010100011000101001
01001001001001001111101111011111
11111001011011101111000000000001
11110000000000010100011000101001
01001001001000101111101111011001
11111001011010001111000000000001
11110000000000010100011000101001
01001001001000001111101111010011
11111001011000101111000000000001
01000110001010010100011010000000
11110000000000010100011000100000
01000110010000011111101111001011
11111011110010001111000000000001
01000110001100010100011000000101
11110000000000010100011000100000
01000110001010011111110010111111
11111101010011101111000000000001
11101000101111010100011000111001
11110000000000010100000111110000
11110000010011111011100101001101
11101011101100010100000111001100
10111111100001000000111101000100
11101000101111010100100000010010
11110000010011111000000111110000
11101011101100010100000101111111
11010010000000110000111101000100
01000001111100001110100010111101
10111101100010001111011111111111
11110111111111010010000000000001
11101000101111011111101001111110
11110111111111110100000111110000
00000000000000001011110110000100
01000000010010010000000000000000
00111010011111011010101000100010
00111111110010010000000000000000
00111001111111011010101000100010
00111101000111001111111000100100
00111100110110001000101011000111
00111101001110000110011100011110
00111101100110011001001100011011
00111110001010101010101010101111
00111111110010010000111111011011
01001101111100001110100100101101
11110000001000010100111110001101
10110000100001100100101000000000
01000110000011000100011000000101
11011011001010100100010110111010
00000000000001111110101110101010
11010000000010100100001100101000
01000101100000100100100010001000
11010001000110101101110000000001
10110000000001101011000111001101
11101000101111010100011000101000
11110111111111110100110111110000
01001010100001001011110101000001
01000110001010000100101110000100
11111110001001001111000000000000
01000110000011100100011000000111
01001011100000110100101010000010
01000110001000010100011000101000
11111110000111001111000000000000
01000110001110101011000000000110
11101000101111010100011000110011
11110000000000000100110111110000
00100000000000011011101011110001
11111010001101011111011111111101
11101000101111011011000000000110
11110111111111110100110111110000
01001000011110101011110100101000
11011010010000100100010110000010
01011111011110011111000110111010
01000110001010001101101000001011
11111001100111001111011111111111
10111111000010000010100000000100
11111101001000101111011111111111
10110000000001100100011000101000
11101000101111010100011000100001
01000110001010101000110111110000
01000110000100000100011000001011
11111101111101101111000000000000
01000110000000100100011010000011
01000110000011100100100001101110
00100001000001100100011000001011
11110111111111110100010001111000
01000110010110101111101101110001
11110000000000000100011000110011
01000110100000001111110111101001
01000110100010100100100001101001
01000110001100110100011001011010
01000100011110000010000100000100
11111011011001001111011111111111
01000110001100110100011001011010
11111101110111001111000000000000
01000110001110110010001000000000
11111010101101001111000000000000
01000110000010110100011000000010
01000110010100010100011001000000
11111011011010101111000000000000
01000110001000110100011000101010
11111101110011101111000000000000
01000110001010101011000000000110
11101000101111010100011000100011
11110000000000000100110111110000
01000110001010001011101010100011
01000001000000001111000000100100
01000110001111010010001000000000
11110000000000000100011000111011
11110000010011111111111010111101
11110000000000010011001011111111
01000110000001101111110101000000
01001000010100110100011000000010
01000110000010110100011000001111
01000100011110000010000100000110
11111011001101101111011111111111
01000110001110110100011000110010
11111101101011101111000000000000
00000001000000001110100111001101
01000110001100100100100001001101
00100001000001000100011000111011
11110111111111110100010001111000
01000110001100101111101100101001
11110000000000000100011000111011
00100010000000001111110110100001
11110000000000000100011000101011
01000110100000111111101001111001
01000110001100001001000100000010
11110000000000000100011000111001
01000110100000001111100100011111
01000110000011010100100001000011
11011100000101110100010101010000
00000001000000001110100111011101
10011011000000100100011001011010
11111011001001001111000000000000
01000110001010110100011001000010
11111101100010001111000000000000
01000110001010110100011001000010
11111010011000001111000000000000
11110000000000010010001000000001
01001010001100001111110100000110
11110000000000000100101100110000
01001010001100001111111101101101
11100000010011000100101100110000
00001010000000001111000001001111
01000110000010110100011001010010
11110000000000000100011001000000
11101001110011011111101001001111
01000110010100100001000000000011
01000110000100000100011000101011
11110000000000000100011000011001
01000110001100101111110101101011
11110000000000000100011000111011
11101001110111011111111001100101
11110000000000000011001000000011
01000110000001101111101011111011
11101001110111010100011000001111
01000110010110100000000100000000
11110000000000001001101100000010
01000110100000111111101011110011
00100010000000011001000100000000
01000110001110010100011000110000
11111100110110011111000000000001
01001011000110100100101000011001
11111110010011101111000000000000
01000110000011110100011000000110
01000110010000000010001000000001
11110000000000010100011000101001
01000110010110101111110011001110
11110000000000001001101100000000
01000110001100101111110101000101
11110000000000000100011000111011
01000110000001101111111100110001
00100010000000010100011000001111
01000110001010010100011001010000
11111100101111111111000000000001
11111000110111110100110100001110
01000110001010101000000001011000
11110000000000000100011001000011
01000110001100101111111000110001
11110000000000000100011000111011
01000110001010101111111000101101
11110000000000000100011001000011
00101100000000001111111000101001
11110000100000011011111111011000
10110000000001100100000100000000
10001101111100001110100010111101
00111111111100000000000000000000
01111111111100000000000000000000
00110011000101000101110000000111
00111100100100011010011000100110
01010100010001000010110100011000
00111111111110010010000111111011
00111111111000000000000000000000
00000000000000000001110000010100
00000000000000000001110000101010
00000000000000000001101110011110
00000000000000000001101110110100
00111111111011110011001100110011
00111111111010010010000111111011
01000001111100001110100100101101
11110000010011110100011000000100
11101011000000000100000000001110
11110001101100000000000001000100
01000110001000000110111101010000
11110000010011111101100001010101
11101011101100010100000111111100
11010010000111000000111101000100
01000000000000001111000000100100
01010001011111101111000001001111
11111011001111001111000000000001
00110001111111111111000001001111
11111100101000111111000000000001
11110000000000000100011000000101
11110000000101001111100010011011
10111111000111010100111100000000
01001110001100000100111100101111
01000000000000001111000010000000
10111111000010000100111100101111
11110000010011110100111000101111
11110000000000010100000101000000
01000110000001001111101000101011
00100111000000001110000000000101
01000110000000010100011000111110
11111010001001001111000000000001
01001001001010100100011000000101
11110000000000010100011000101000
01001001001010011111101000011111
11111111101011101111000000000000
11110000000000010100011000101001
01001001001001111111101000011001
11111111101010001111000000000000
11110000000000010100011000101001
01001001001001011111101000010011
11111111101000101111000000000000
11110000000000010100011000101001
01001001001000111111101000001101
11111111100111001111000000000000
01000110001010010100011010000000
11110000000000010100011000100000
01000110010000011111101000000101
11111010000000101111000000000001
01000110001100010100011000000101
11110000000000000100011000100000
01000110001010011111111110001111
11111111100011001111000000000000
11101000101111010100011000111001
11110000000000000100000111110000
11110000010011111011111110000111
11101011101100010100000111100100
11011001000010000000111101000100
11111000010011101111011111111111
10111111000010000010100000000100
11111011110011111111011111111111
11101000101111010100011000100000
11110000010011111000000111110000
11101011101100010100000101111111
11010010000000110000111101000100
01000001111100001110100010111101
10111011101111001111011111111111
11110111111111010010000000000001
11101000101111011111100010110010
11110111111111110100000111110000
00000000000000001011101110111000
10111111110010010000000000000000
10111001111111011010101000100010
00111111110010010000000000000000
00111001111111011010101000100010
00111101000111001111111000100100
00111100110110001000101011000111
00111101001110000110011100011110
00111101100110011001001100011011
00111110001010101010101010101111
01000001111100001110100100101101
01000110000011110100011000000110
11111101011111001111000000000000
01000110000011010001111000000100
00100000000000011011111100011000
11110000001000000100001100101000
11110001110000000100000000000000
11110001000000000110000001111111
00001111110000000100000011100000
00011100001100001101000000001110
00100000000000011011111100011000
11110000001000000100001100111000
11110001110000000100000000000000
11110001000000000110000001111111
00001111110000000100000011100000
00100000000000011011111100000100
11111000011110011111011111111101
01000110001010010100011000100000
10000001111100001110100010111101
01000110000001011011010101110000
11111010101000001111000000000001
11110000001000000100011000000100
11110001110000000100000000000000
00001111110000000100000011111111
11110000001001011101000000001000
11110001110000000100000000000000
00001111110000000100000011111111
00100000000000011011111100000100
11111000011000011111011111111101
10111101011100000100011000100000
01001011000101101011010100010000
01000010000000001111000000100001
10110000100001100010010000000001
11011100000000110100001010011010
01000110000100110010001000000000
11100000000111001001010000000000
01000010100110100100101100010001
10111001010000001101000100001000
00000000000000011111000001001111
11111000010010111111011111111101
11111011010000011111011111111111
10111101000100001011000000000110
11110111111111111101101100000011
10110000000001101111101100111001
10101010000000101011110100010000
11111111110111001111011111111110
00000000000000011111000000000000
00000000010000001110101110100100
00001100000010001111000100001101
11101000100111001001000000000000
11110111111111110000000000001111
10110000000001101111100111101011
00000000000000001011110100010000
00111111111010010010000111111011
01111111111100000000000000000000
01000011111110001110100100101101
01000110000000100100011000000100
01000110011010010100100001001100
00001111010000101110101110110000
11110000010011111101100100001001
11101011101100000100000011100110
10111111100101000000111101000010
11110000010011110010000000000000
10010000000000000011000011111111
01001011010001101110000000110000
01000000000000001111000000100010
11011001011001010100001010000011
01000110001000000100100101000100
11111001001110101111000000000001
11111010000001001111000000000001
11110000000000010100011010000000
11110000000000001111100010000101
10010000000000000000000000000011
01000110010000000100100100111111
11111001001011101111000000000001
01001001001111100100011000000101
11110000000000010100011001000000
01000110000001101111100100101001
01000110010000000100100100111100
11111001001001001111000000000001
01001001001110110100011000000111
11110000000000010100011001000000
01000110001000011111100100011111
11111010000110001111000000000001
11110000000000010100011000111001
01000110001100011111101010100111
11111010101001001111000000000001
11110000000000010100011000101001
01000110000001001111101010100001
00101101000000001001110100000000
01000110001000011101101100111010
11110000000000010100011000001000
01000110000001101111100100001011
11110000000000010100100100101111
01001001001011111111100100000111
11111110100101101111000000000000
11110000000000010100011000110001
01001001001011011111100100000001
11111110100100001111000000000000
11110000000000010100011000110001
01001001001010111111100011111011
11111110100010101111000000000000
11110000000000010100011000110001
01001001001010011111100011110101
11111110100001001111000000000000
11110000000000010100011000110001
01001001001001111111100011101111
11111110011111101111000000000000
11110000000000010100011000110001
01000110001000011111100011101001
11111000111001101111000000000001
11110000000000000100011000100001
11110000000101011111111001110101
10111111000010000000111100000001
10000011111110001110100010111101
11101000101111010100011000000001
01001000000111100100001111111000
10111111001100101111000000000000
11110111111111110100011000010000
11100111110000001111101010111111
11110001101100000000000001100000
11010010000010010100111101111111
11110111111111100100011000100000
00101000000001001111111100101101
11110111111111111011111100001000
01000110001000001111101010101110
10000011111110001110100010111101
00100000000000011101000100000110
11111111100110011111011111111100
01000011111110001110100010111101
10111010100111111111011111111111
11101000101111010100011000100000
11110111111111110100001111111000
00000000000000001011101010010111
01111110100100100001111110110110
01000110010010010000111001001001
00111111001000101111100110000011
00101100001101000110000100011010
00110011101000100010000000000000
00111001111111011010000000000000
00111111110010010000000000000000
00111100001000101110100110111100
00111011000001100110110100001011
00111100110011100111011010001010
00111101010110011011010110101100
00111110000010001010000100110101
00111110101010101010101000101001
10111111100000000000000000000000
00101001000000001011010100010000
01111000000010001101000000001010
11010000000001110010100000000000
01000100011110000100100000000101
11111111111101101111011111111101
11010000000000010010100000000000
10111101000100000010000000000000
01000100011110000100100000000010
00000000000000001011110100010000
00000000000000000001110010000010
00000000000000000001110001111010
00101001000000001011010100010000
01111000000010001101000000001010
11010000000001110010100000000000
01000100011110000100100000000101
11111111111000001111011111111101
11010000000000010010100000000000
10111101000100000010000000000000
01000100011110000100100000000010
00000000000000001011110100010000
00000000000000000001110001110010
00000000000000000001110001101010
11101010100100011011010100010000
10111111010010000000111100000011
01000011000000001111000010000011
10000101000101001111000100000000
11101011011100010001101010000100
11010010000001010000110000000011
11101011010000110001100100010010
00011011000000000000001100001100
00000001000011001110101101100001
01010100000100011110101001001111
01011100000100111110101110100100
11100001000111001111100011011111
00001111010000111110101000011110
11101010100111101011111100011000
11110000000000000101111101000100
11101010001000011000000001110100
11101010001000110101000100000100
11110100010000110000001100001110
11110001110111000001001110000000
11010011001100100000111000100000
11111110000011001111101000100010
00000000000011101110101100010000
11111110000011001111101000100011
00000001000011101110101101000001
00001110001000001111000111001100
11111110000011101111101000000011
00000000000011101110101100010000
00001110001000001111000111001100
00000001000000001111000101010001
00011111100000001111010110110001
11101011000000011101001000110010
11111010000100100101000100000100
11101000101111011111001000001110
10111111010110000100000000010000
00011100010000000100011101110000
11101010010111111011111100111000
10111111000110000000001001000010
00101000000000000100011101110000
11110000001000001011111100010100
11110001010000010000000000000001
11101010010011110000000100000000
11110101000100110000001101000001
10111111001110000001111100000000
11110001101000010100011101110000
11110000000000000100000111000000
00101010000000011011101111000001
00000010000000111110101101000011
00001100001000001111000110101100
00001110000111111111000111011100
11110000010011111011111100110010
11111010001000110000111000000000
11101011000100001111001100001100
11101011010000010000000000000011
11101011101101000101000100000100
11010000110100000101111100010001
01010001000001001110101110100001
00010001100000001111010100000001
11101011000000010000100001001001
11101010010111110101000100000100
11010011000011100000000000110000
00000000000000001111000101010000
11111010000100101011111100111000
11010001000010001111111000001110
01000000000100001110100010111101
00011100010000001110011111001001
11101010010111111011111100111000
11010001110010100000001001000010
11101000101111011110011111000011
11101010010011110100000000010000
11110101000100110000001101000001
10111111001110000001111100000000
11110001101000010100011101110000
11110000000000000100000111000000
11101010100111101011101110001001
11010000000010000101111101000100
00001111010111101110101000010001
01000000000100001110100010111101
11110000000000011011111100000100
00100000000000000100000100000000
11101000101111010100011101110000
10110101011100000100000000010000
11111011001010101111000000000000
00111110101111101111101101100100
11111111111000000000000000000000
11110000010011110100100100000010
11110000000000010000000000000000
10111111000000001011100111001010
01111111111110000000000000000000
10111111010110000001000001001001
01000001010000001111000111000001
10111111010110000001000001011011
01000011010000001111000111000011
11110011111011110100001010001011
01000111011100001000000000000000
01000001110000001110100100101101
11111000110111111011010000110000
11101010001111001100001010100100
10111111000110000001010000010001
00010100000100111110101000111100
10000000111011011111000000000000
00010100000100011110101000011100
00000101000000111110101010000001
01110100110101011110101001000100
11101010000111001011111100011000
11110000000000000001010100010011
11101011101001001000000011001000
11110001000001000000010000000101
11110101000001000111010001111111
11110000010011110011010000000000
11101010010001010100010100000000
11101010010001010010000111000001
11101010010000010010001111000011
11101010010000110101000101010000
11101010010011110101001101010010
11101010010011110010000011000000
01000010100110010010001011000010
01000010100100001011111100001000
10000000100111011111000000000000
01100101000100111110101001001111
00010110010001001111001000001111
11101010010011110101110101110110
11111011000001100100010100010011
11110001110001111111011100000101
11111011000001100111011110000000
11101010010011111111011100000111
11111011101001110011011111010111
01000010011101100110100000000011
11001110000001101111101110100111
00111000100000001111010111001000
11110001101010001011111100111000
11111011000001110000100000000001
11111011101001101110011000001000
11110000010011111000110000000010
11111011111001100000111000000000
11110001110111001100111000000011
11110001110011100000110000000000
10111111001110000100111000000000
00001110000000011111000110101110
01011000000011001111101110100110
00000111000000001111000001001111
10000111000011101111101111100110
11000110000010001111101110100001
11001110000001111111101110100000
00000110000011101110101100010110
00000101000000001111000001001111
00000101000000001111000101000101
01100101000001111111101111100001
01001110111000001111000100010101
11110101101001001011111101111110
11101010010111110011010010000000
01000001011011010000011001000110
00000111100000001111000100010110
00000101000000001111000101000101
00100111000101111110101001001111
01100111000001011110101001000111
00100101000101011110101001001111
01100110000001101110101001001111
01000110110111101111000110100110
01011111100000001111000110110110
01000110001110001101100100100000
01110001110001001110101100000101
00001100000000011111000000100100
00010001000011001110101100000001
01101111111111101111000110111100
10111100111100001101100000000010
10000001000000001110100010111101
10111111010111000100001000100100
00011110100000001111010100000001
01111111110001001110101010011110
10111100111100001101010000000010
10000001000000001110100010111101
11110001000000000100001000100100
11110001101000011000000000111001
10111100111100000100000111000000
01000001000000001110100010111101
10111010101111001111000000000000
00100000110100001110101001001111
01010000010000011110101001000000
00100001110100011110101001001111
00100010110100101110101001001111
01010010010000111110101001000010
00100011110100111110101001001111
10000110000000101111101110100111
01100110000000111111101100000111
01100110000000101111101100000101
00001111000011101110101000011110
11101011101001101011111101011000
11101011101101100101011000000000
11101010010011110101011000000000
11101010010011100000111001010010
11101011000110000111111011000011
11101011010101100000111000001110
11010101101111000000111001010011
00001000000000101110101100011000
00011100011111110100000101011110
00000101000000001111000101010101
11110100010011111110011110110101
11110000010011110001010110000000
11110000010011110000011100000000
11110000010011110000011000000000
11100111101011000000100000000000
01000001110000001111000100000001
01000001000000001111000000000001
00000000000000001111000001001111
11101000101111011011110011110000
11101010000011001000000100000000
11101010000100010001010100010011
11010000000000000001111100001100
11101010000100111110000000001100
11110000000000000001111100001100
11110000010011111000000000100110
11101010100000010000000000000000
11110000000000010000000100000011
10111100111100000100000100000000
10000001000000001110100010111101
11101000101111011011110011110000
11101010100000010100000100000000
11110000000000000000000100000011
10111100111100001011101001100111
01000001000000001110100010111101
11110000000000001011010101110000
10111111000000001111101000010011
00111110111111000111111000001001
10111000000001111111000000000000
00000000000000001111000001001111
00000001000000111110101010000001
01000001000000001111000000000001
11101010100000010100011101110000
11110000000000000000000100000011
10111100111100001011101001010001
01000001000000001110100010111101
11110000010011110100100100100010
01000111011100000000000000000000
11111001111110111111110111111111
11110010111101001111010111110111
11101011111011011110111011110000
11100100111001101110100011101001
11011110111000001110000111100011
11011000110110101101101111011101
11010011110101001101010111010111
11001101110011111101000011010001
11001000110010101100101111001100
11000100110001011100011011000111
10111111110000001100000111000010
10111011101111001011110110111110
10110111101110001011100110111010
10110011101101001011010110110110
10101111101100001011000110110010
10101011101011001010110110101110
10101000101010001010100110101010
10100100101001011010011010100111
10100001101000101010001110100011
10011110100111111001111110100000
10011011100111001001110010011101
10011000100110011001100110011010
10010101100101101001011110010111
10010011100100111001010010010101
10010000100100011001000110010010
10001110100011101000111110001111
10001011100011001000110010001101
10001001100010011000101010001011
10000111100001111000100010001000
10000100100001011000010110000110
10000010100000111000001110000100
10000000100000011000000110000010
00000111111111110000000000000000
01111111111110000000000000000000
00001100000000111110101001010001
11110101000111001101010000010111
10111111010110000001111110000000
00011111100000001111010110111100
10000000000001101111000100000000
10111111000110000100001010011001
10111111000010000100011101110000
01000111011100000100001010010000
11110101000100011101011100000111
10111111010110000001111110000000
00011111100000001111010100010011
01000010100110011101010000011001
01000010100010010100011101110000
11110101000111000100011101110000
11010101000010000001111110000000
00011111100000001111010110111100
01000010100010111101010111110111
01000111011100001011111100011000
01000010100000101011111100001000
11110100010011110100011101110000
11101011000111000001110000000000
10111111001110000000111101000001
00001111010000111110101100011100
01000010100010111101001000000001
10110101011100000100011101110000
11111001100001001111000000000000
00000000010010010010010010010010
01010001000000001111000001001111
01010011100000001111000001001111
10111110010111101111011111111111
00000011010000011110101001001111
01010011010100111110101001001111
01100011100000001111010110100011
00000011000111101111000111010011
11110001110100111011111111001000
11011101000011000000110000100001
01000010000000001111000001001111
00100010110000011110101001000010
01010010010100001110101001000010
11111100000000111111101000110010
01111100111000011110101010001100
01110000111000011110101110101100
00101011000100000100011101110000
00100000000000001011111111000100
11110101000000110100011101110000
11110001101111000111110001111000
11010000000001000011111111111111
01000010000000001111000001101111
00000000001000011110101010000010
10110101011100000100011101110000
11111001010100101111000000000000
10000000001001001001001001001001
01000111011100000010000000000000
11110000000100001110011111110010
10111111010010000100001000000000
11111010101100000100001001000000
11111010000100001111001110000000
11010000000010101111000100000011
00000011000111011111000111000011
01100011100000001111010100000011
01010010000000111110101100000010
01010000010000011110101001001111
00100001110100011110101100000010
11110000010011110100011101110000
01000111011100000000000000000000
11110011100000001111101010110000
11110001000000111111101000010000
11110001110000111101000000001010
11110101000000110000001100011101
11101010010011110110001110000000
11101010010011110101001000000011
11101011000000100101000001000001
01000111011100000010000111010001
00000000000000001111000001001111
00000000000000000100011101110000
00001100000000111110101001010001
11110101000111001101010000010111
10111111010110000001111110000000
00011111100000001111010110111100
10000000000001101111000100000000
10111111000110000100001010011001
10111111000010000100011101110000
01000111011100000100001010010000
11110101000100011101011100000111
10111111010110000001111110000000
00011111100000001111010100010011
01000010100110011101010000011001
01000010100010010100011101110000
11110101000111000100011101110000
11010101000010000001111110000000
00011111100000001111010110111100
01000010100010111101010111110111
01000111011100001011111100011000
01000010100000101011111100001000
11110100010011110100011101110000
11101011000111000001110000000000
10111111001110000000111101000001
00001111010000111110101100011100
01000010100010111101001000000001
10110101011100000100011101110000
11111000111011101111000000000000
00000000010010010010010010010010
01010001100000001111000001001111
01010011000000001111000001001111
10111101110010001111011111111111
00001100000000111110101001010001
11110101000111001101010000010111
10111111010110000001111110000000
00011111100000001111010110111100
10000000000001101111000100000000
10111111000110000100001010011001
10111111000010000100011101110000
01000111011100000100001010010000
11110101000100011101011100000111
10111111010110000001111110000000
00011111100000001111010100010011
01000010100110011101010000011001
01000010100010010100011101110000
11110101000111000100011101110000
11010101000010000001111110000000
00011111100000001111010110111100
01000010100010111101010111110111
01000111011100001011111100011000
01000010100000101011111100001000
11110100010011110100011101110000
11101011000111000001110000000000
10111111001110000000111101000001
00001111010000111110101100011100
01000010100010111101001000000001
10110101011100000100011101110000
11111000101100101111000000000000
00000000010010010010010010010010
01010001000000001111000001001111
01010011100000001111000001001111
10111101100011001111011111111111
11111000110111111011010101110000
11101010000111001100000101001000
10111111000111100001111000010001
00010101000100111110101000011100
00001111000011001110101010011110
00001111000011001110101010010101
10000000011011111111000000000000
00000100000000111110101010000001
01111110110101001110101001001110
11101010001000010100010010101110
11101010001000110001000101001100
11110100010000010001001101001100
11110100010000110001000110000000
11110001101011100001001110000000
11111011101000010111111001111111
11111011101000000100110000000010
00011001001101100110010100000011
00000101000011001110101101010101
01001100000000111111101110100001
00000011000000001111000101001100
00011100000000101111101110100000
00000110000011001110101100010110
11110001010100110100000101100101
01000010000010010000001100000000
11110000010001101011111100011000
11110100000100110000011000000001
11010001000010110111111100000000
00110001000000111110101001001111
00110000000001011110101001001111
01010001000101011110101001000001
01010000000101101110101001000000
11110000011011110000001100110100
11100000000010100000001000000011
00100001110000111110101001001111
00100000110001011110101001001111
01010001010101011110101001000001
01010000010101101110101001000000
11110000011011110000001011110100
11101011000000100000001000000010
11101011000000010100001000101110
11101010100001010101010100000010
11010000000010100111000111001110
00001100010001001110101001011111
11110000001001001011111100011000
11110001010100000100010000000000
11110001010000010000000000000000
11101010001000000000000100000000
11110010010000000111000011010100
01000101011000100111110011111110
10111101011100001101001000000000
10111111000101000100001010101000
01000100100000001111000001001111
01000100010000001111000001001111
10111111000010000010111000000000
11110001101111100010010000000000
10111111101010000110111110000000
01000001110000001111000110100001
01000000011100001110100010111101
10000000100000101111001010000000
01000001110000001111000100000001
01000001000000001111000000000001
00000000000000001111000001001111
11101010000011000100011101110000
11101010100111100001010100010011
10111111000110000000111100001100
00001111000011001110101010010101
11101010100000011101000000000110
11110000010011110000111000000011
11110000000011100000000000000000
10111101011100000100000100000000
11111000000111001111000000000000
00111110000000010000000010001001
10111000000001111111000000000000
10111000000010011111000000000000
00001100010000111110101001001111
01011100010111001110101001011111
11101010100000011101000000001000
11110000000000000000000100000011
11101010010011111011100001011011
11101010010111110000110001000001
11010001111101100101110001011100
11110000010011110100100100000010
01000111011100000000000000000000
00000111111111110000000000000000
01111111111110000000000000000000
00001110000000101111000100001110
00001110000000111111000000101110
01101011000001001111100001011110
11010100000001010100001000110110
11101011010000110010101000000001
11110101000101010000010100000011
11011000000100100001111100000000
11101011010000010010100000000001
11110101000111000000110000000001
11011000000011000001111100000000
11101010010011111101000100001110
11101011000011000111110011010001
11110001000011000000110001001100
11110101000101010000110000000010
10111111000010000001111100000000
01111100110100111110101101001100
11110000010011111110000000000100
11100000000000010000110000001000
01111100110100111110101001001111
00000101010011001110101100001100
11110110000001011111101000100110
00000110000001111111000000000110
00001100000001001111000110110110
11101011000011101101001000000110
11101000101111010000110010000110
11110000010011000100000001110000
01000111011000000000110000000001
11110000000011001110100011011111
00000010000000100000101100001001
01000001000000001111000001001111
00100001000000001111010110100001
00000000000000001111000001001111
01000110000110011011110101110000
00101000000000010100011000010000
00000100000000011110101101010001
11110101110101001011111100011000
10111111100001000001010000000000
11110000000000010010000000000000
10111101011100000100000100000000
11110101101000000000100000001000
11101010010011110001000100000000
01000111011100000000000100110001
11101010100100011011010100010000
11110000100000010000111100000011
11110101001111110100000100000000
11110000100000111010101111011111
11110000000000000100001100000000
00000000000000001011100011101111
01000001111100001110100100101101
00011100100000001111010100000001
00011111000000001111010110111100
10000000110000111111001011000000
01011100000100011110101001001111
01010001000011001110101000100001
00010001100000001111010001000001
00001100111111011111000100001100
00001100010111001110101001011111
01111100110000001111010100001100
00000000010000001101001100000001
00000010100010010100000101001001
01010001100100001110101001000001
10100100001110110000001010000111
01011101101001000000111010001110
11111011000001000000110000001010
11111011000000101111011000000100
11110001110001101111011000000110
11111011101001000100011001000000
00001101111101100110001000000110
00100110010000101110101001000110
11110100000001101111101100000110
00100011000000011111101110100100
11110001110000110100001001010010
10111111001110000100001101000000
11111011101001100001111001011011
00100100000000000100001000000010
00100100000000111111101111100110
11101010010000100000101111010010
11111011101001100100011001000100
11111011101000010010001100000110
11111011101000111110001000000010
00011000101001001110010000000111
00000010000000001111000001001111
00000010000000001111000101010010
01000010000000011111101111100011
11110001110000100100001001100100
10111111001110000100111001000000
00001110000000011111000110101110
00100011000001001111101110100110
00000010000000001111000001001111
00110010000011101111101111100110
01000110000000111111101110100010
11110000010011110001100110110110
11110001010101000000010000000000
11111011111000100000010000000000
11111011101000010110010000000010
11111011101001001110011000000110
11101011000101101110100000000111
11110000010011110000011000001000
11110001010110000000100000000000
11111011111001000000100000000000
01000010011101100110100000000001
01011000010000001111000111001000
11110001101010001011111100111000
11111011101000100000100000000001
11111011101000111110010000000110
00011001001011011110010100001000
00000100000000001111000001001111
00000100000000001111000101010100
01010100000010001111101111100010
11100110000001011111101110100001
11101000000001001111101110100111
00001000000001101110101100011000
00000110000000001111000001001111
00000110000000001111000101010110
10000110000001001111101111100001
00000101001000001111000100011000
00000110000000001111000101010110
11101010010000000000100110101000
00001001101100010110000010000110
00001000000110111111000110101000
00001000001111111111000000001000
00001111000010101111000110111000
11101011000000011101100100011100
11101000101111010101000100001100
10111111000000001000000111110000
11101000111011101111010111111100
11010011110110001101110111100010
11000011110001111100101111001111
10110110101110011011110111000000
10101100101011101011000110110100
10100011101001011010011110101001
10011011100111011001111110100001
10010101100101101001100010011010
10001111100100001001001010010011
10001001100010111000110010001101
10000101100001101000011110001000
10000001100000101000001110000100
01101000000000001111101110100000
11110010000000011111101100000000
00001000010000101110101100001000
00101000100001111110101110111000
00011000001101001101010100000111
00000100000000011110101101011000
00011100010000001101010111010101
00000001000000001111000101010001
00011010001101001110011111010001
00000100000000011110101101111000
00011110010000001101010011001101
00000001000000001111000101110001
11101010010111111110011111001001
11101010010111110000110001001100
11010001000011010101110010011100
11110000000000011101001100000101
11110000010011110100000100000000
11101000101111010000000000000000
11101000101111011000000111110000
10110101011100000100000111110000
11111110110001001111011111111111
10111110111111111101101101101101
01000001111100001110100010111101
11110000010011110100100100000001
01000111011100000000000000000000
01111111111110000000000000000000
11101010100100011011010100010000
10111111010010000000111100000011
01000011000000001111000010000011
10101010111011001111010100111111
11101011011100010001101010000100
11010010000001110000110000000011
01001100000000001111000010001100
11101011010000110001100100010010
00011011000000000000001100001100
00000001000011001110101101100001
01010100000100011110101001001111
01011100000100111110101110100100
11100001101001001111100011011111
00001111010000111110101000011110
11101010100111101011111100011000
11110000000000000101111101000100
11101010001000011000000010110100
11101010001000110101000100000100
01000010010100100000001101101110
00000011011011101110101111000011
00011110010110111011111100111000
00001110001000001111000111011100
11111010001000101101001100100101
11101011000100001111111000001100
11111010010000110000000000001110
11101011010000011111111000001100
11110001110011000000000100001110
11111010000000110000111000100000
11101011000100001111111000001110
11110001110011000000000000001110
11110001010100010000111000100000
11010100001010010000000100000000
01010001000001001110101100000001
11110010000011101111101000010010
01000000000100001110100010111101
01000111011100001011111101011000
10111111000111000001110001000000
01001111000000001111000110110010
00101000000000000100011101110000
00011100010010011011111100001100
00000000000000011111000000100000
11101011000100100100011101110000
11101011010000110000111000000010
10111111000110000000001000000011
00001110000000011111000001001111
00000010010000101110101001001110
00001100001000001111000110101100
00001110000111101111000111011100
11111010010000111101100101010110
11101011000100001111111000001100
11110001110011000000000000001110
11110001010100010000111000011110
11010101110101010011000111111111
00001110000000011111000100001110
11111110000011101111101000010010
11101011010000010100000101000000
11101011000000010000000100000001
11101010010111110101110001000100
11011001000100000101110001011100
01010001000001001110101100000001
01110000110111101110101100010000
11110001101111101011111100111000
11101000101111010100111100000000
10111111000110000100000000010000
00101000000000000100011101110000
00011100010010011011111100001100
00000000000000011111000000100000
11010010001101000100011101110000
00101100110101001110101001001111
01100100000000001111010000100100
00010001000000001111010100010001
11111010101100011101000000011011
00111010000010111111001010000001
00011110101001000001101010100100
00000011001000001111000111010010
11111010001100000100000010010001
01000011000110011111001100000011
11101011000000010100000010010000
11101011000000010111000111001100
00101100000000000101000100000100
01000000000100001110100010111101
01000111011100001011111110101000
01000001110000001111000100000001
01000001000000001111000000000001
00000000000000001111000001001111
11111010101100000100011101110000
11111010000100001111001110000000
11010001000000101111000100000011
01000000000100001110100010111101
00011010111001000100011101110000
00000101010010000011110000010111
11100111111000100000101011001001
01010001000001001110101100000001
01000000000100001110100010111101
00010000010010010100011101110000
00000000001100001110101001001111
01010001000001001110101100000001
01000000000100001110100010111101
11110000010011111110000000000010
01000111011100000000000100000000
10111111000010000000000001001010
11010000111110000100001000000000
00011111000000001111010110110010
01000111011100001011111100101000
01000001000000001111000000000001
00000000000000001111000001001111
11101010100111100100011101110000
11010000000001110101111101000100
00001111010111101110101000010001
01000000000100001110100010111101
00100001000000001011111100000100
01000111011100000010000000000000
01000000000100001110100010111101
11110111111111111011010101110000
10111111000000001111110111010101
00111110111101101101111101000000
11110000100000110100011000010000
01000111011100000100000100000000
11111111111000000000000000000000
00001111000000011110101010010000
11110000100000011011111101001000
11110001000000000100000100000000
00011010010000101000001111111100
00011010100000001011111100111100
11101010010011110001100010001001
11101011101000100101001011010000
11110000010011110101001111010001
11101010000111000100110001111111
10111111000110000000111101000001
01101111000000101110101010011100
10000000001110111111000000000000
01001100000000001111000001001111
00100000000000001110101001001100
00100001000000011110101001001100
11111100000000111111101000100001
00001100000011001110101100010000
11110001000000101101001000011110
11101010010111110011001011111111
11101011010000000010000000011100
10111111001110000101000011000010
11110000000111000100011101110000
11101010010011110000111101111111
10111111000110000000110001000000
01001111011111111111000110111100
01000111011100001011111100111000
00000011001000001111000111000011
10111111000010000100000010011001
00000000000000011111000000100000
01001111011111111111000110111100
01000111011100001011111100111000
01000000110000001111000110100000
10111010111100111111000000000000
00000000001111001110101001001111
11101011010000000000101000000000
10111111001010000101000011000010
00001111111111111111000000011100
00001100010000001110101001001111
10111111000110001101000011100110
01001111011111111111000110111100
01000111011100001011111100111000
11101010100111001110011111101010
11010000000001010110111100000010
00001111010111001110101000010000
11110000000000001011111100001000
01000111011100000100000000000000
11110000000000001011010100010000
10111111000000001111101010010000
00111110101111101111101101100100
11110000000000000100100000000001
10111111000000001011110000010000
01111111110000000000000000000000
11110111111111111011010100010000
10111111000011001111101110101001
00100000000000000010000000000001
10110101000100001011110100010000
11111011101000101111011111111111
00100000000000011011111100010100
10111101000100000010000000000000
11110111111111111011010100010000
10111111100011001111110000110001
00100000000000000010000000000001
10110101000100001011110100010000
11111100001010101111011111111111
00100000000000011011111100101100
10111101000100000010000000000000
11110111111111111011010100010000
10111111100101001111110001011111
00100000000000000010000000000001
10110101000100001011110100010000
11111100010110001111011111111111
00100000000000011011111100110100
10111101000100000010000000000000
11110000000000001011010100010000
10111111000011001111100011110101
00100000000000000010000000000001
10110101000100001011110100010000
11111000111011101111000000000000
00100000000000011011111100010100
10111101000100000010000000000000
11110000000000001011010100010000
10111111100011001111100101100011
00100000000000000010000000000001
10110101000100001011110100010000
11111001010111001111000000000000
00100000000000011011111100101100
10111101000100000010000000000000
11110000000000001011010100010000
10111111100101001111100110001001
00100000000000000010000000000001
10110101000100001011110100010000
11111001100000101111000000000000
00100000000000011011111100110100
10111101000100000010000000000000
10111111010110000001000001000000
01000000010000001111000111000000
10111111010110000001000001001001
01000001010000001111000111000001
11110011111011110100001010000001
01000111011100001000000000000000
00001100011111111111010001001111
00010010110100001110101000011100
11101010000111001011111100011110
11101010100100100001001111010001
11101010100100110000111100001100
11110000000000000000111100001100
11101010100100001000000010000101
10111111010010000000111100000001
01110010100000001111010001000010
00001100000000001111010001000000
00000000000000001111010001000001
01000001011111111111000000101100
01000000011111111111000000100000
11101011101000101011010100000000
01000010100000010000001000000011
00011100000010001111001000001111
01001110010100001110101110101100
11100000000000001111100010011110
00000000000000001111000111000000
00001110010011101110101001001111
11111100000011101111101100000000
00000000010010011011111100111000
00011100001011001110101001001111
11110011000011101111101100001100
00011110110011101110101001001111
01011110011000111110101100001110
00101100000100011110101001001111
11111100000011001111101100001110
00100001110000011110101001001111
01010011000111001110101001001111
00010001000000111111101100000000
00000010111110101111010100000010
00101100000100011110101001001111
11111100000011001111101100001110
00110001000000011110101001001111
01001100110111001110101001001111
00010001000011001111101100000000
01000010001000101110101101000010
10111111001010000100001011000001
11101011010011000001100000001001
11111000010111010011001100000011
11101011000100001110101100000100
11101011010000110000000101000001
11110101101100100101000011000010
10111111001110000000111101111100
11010101001010010100011101110000
00001111111100001111000000010010
11110001000000001011111100011100
11110000000000000100000011000000
01000111011100000100000000000000
10000011100000101000000100000000
10000111100001101000010110000100
10001100100010111000100110001000
10010001100011111000111010001101
10010110100101011001001110010010
10011100100110101001100110010111
10100010101000001001111110011101
10101000101001111010010110100011
10110000101011101010110010101010
10110111101101011011001110110010
11000000101111101011110010111001
11001001110001111100010111000010
11010100110100011100111011001100
11011111110111001101100111010111
11101100111010011110011011100010
11111010111101111111001111110000
00000000000000000000000011111110
00001100010000001110101001001111
01111100100000001111000100001100
01001111011111101111000110111100
01000111011100001011111100101000
01000000110000001111000110110000
10111001110110111111000000000000
00010011110100011110101000001100
00001111000000011110101010010000
11110100010000101011111101001000
01000101011000100111001010000000
01000101011000111011111100111000
11110100000100111101001000000111
11010000000101100000111101111111
00000000000000011110101010000000
01000000000000001111000000000000
10110101000100000100011101110000
11111001011111111111000000000000
00111110111111000111111000001001
10111000000001011111000000000000
00000000000000011110101010000000
01000000000000001111000000000000
11101010100000000100011101110000
11110000000000000000000000000001
11110000000000000100000000000000
11110100000100101011100110110110
10111111000001000000111101111111
01000111011100000100100000000010
00000000000000011110101010000000
10111001101011011111000000000000
01111111110000000000000000000000
00001100000000011110101001010000
10000000000100111111000100000000
00001111000000001111010100011100
11110101101111001011111101011000
11010100000000010000111100000000
01000111011100000100001010001000
11110101000100001101011100000111
10111111010110000000111100000000
00001111000000001111010100010001
01000010100010001101010000010101
01000010100010010100011101110000
11110101000111000100011101110000
11010101000001000000111100000000
00001111000000001111010110111100
01000010100000011101010111110111
11110000010011110100011101110000
11101011000111000111110010000000
10111111001110000000111101000000
00001111010000011110101100011100
01000010100000011101001000000001
10110101000100000100011101110000
11111001001110011111000000000000
00000000010010010010010010010010
01010000000000001111000001001111
01010001100000001111000001001111
10111110111111101111011111111111
00001110000010110000000001000001
00000010100111101111000111010011
11110100010100001101100100001000
11101010010011110000001100000000
11111010001000110010001100000011
10111111010010001111000000000010
01000111011100000100001001000000
11110000000000001011010100010000
10111111000000001111100100100000
10000000001001001001001001001001
01000111011100000010000000000000
01000010000000001111000001101111
00000000001000001110101010000010
00000000000000000100011101110000
01000001000000001111000000010000
01000010010000001011111101001000
11110011100000001111101010110000
11110010000000111111101000010000
00000011100111011111000111000011
11101010010100011101000000001011
11101011000000010101000111000011
00000110010100110010000000010010
01000111011100001011111100111000
00000000000000011111000100000000
11110000001000001011111100001000
01000111011100000000000000000001
11110011100000001111101010110000
11110010000000111111101000010000
00000011100111011111000111000011
00000101110110011101000000001010
00100000000100101110101100000001
10111111001110000000011001010011
11110001000000000100011101110000
10111111000010000000000000000001
00000000000000011111000000100000
00000000000000000100011101110000
00001100000000011110101001010000
10000000000100111111000100000000
00001111000000001111010100011100
11110101101111001011111101011000
11010100000000010000111100000000
01000111011100000100001010001000
11110101000100001101011100000111
10111111010110000000111100000000
00001111000000001111010100010001
01000010100010001101010000010101
01000010100010010100011101110000
11110101000111000100011101110000
11010101000001000000111100000000
00001111000000001111010110111100
01000010100000011101010111110111
11110000010011110100011101110000
11101011000111000111110010000000
10111111001110000000111101000000
00001111010000011110101100011100
01000010100000011101001000000001
10110101000100000100011101110000
11111000101111011111000000000000
00000000010010010010010010010010
01010000100000001111000001001111
01010001000000001111000001001111
10111110100000101111011111111111
00001100000000011110101001010000
10000000000100111111000100000000
00001111000000001111010100011100
11110101101111001011111101011000
11010100000000010000111100000000
01000111011100000100001010001000
11110101000100001101011100000111
10111111010110000000111100000000
00001111000000001111010100010001
01000010100010001101010000010101
01000010100010010100011101110000
11110101000111000100011101110000
11010101000001000000111100000000
00001111000000001111010110111100
01000010100000011101010111110111
11110000010011110100011101110000
11101011000111000111110010000000
10111111001110000000111101000000
00001111010000011110101100011100
01000010100000011101001000000001
10110101000100000100011101110000
11111000100010011111000000000000
00000000010010010010010010010010
01010000000000001111000001001111
01010001100000001111000001001111
10111110010011101111011111111111
00001100011111111111010001001111
00010010110100001110101000011100
11101010000111001011111100011110
11101010100100100001001111010001
11101010100100110000111100001100
11110000000000000000111100001100
11101010100100001000000001000111
10111111010010000000111100000001
01110010100000001111010001000010
01001100000000001111000001001111
00100000000000001110101001001100
00100001000000011110101001001100
00000010000000111110101100000010
00010011000000011111101110100000
00000010000000001111010110100010
10111111000110000010100100000000
00000011000000011111000001000011
10111111001010000000000001011011
00000011001100111110101001001111
01000010001000101110101101000010
00101100000100111110101001011111
01010000110000101110101101001100
11101011101111001011111100101110
11110101101100100110111101000011
01000111011100000000111101111100
01101100000000111110101001001111
01001111000000001111000110111100
11110000001000001011111100001000
11110101101100100000000000000001
10111111001110000000111101111100
11010101000010110100011101110000
00000010111111111111000010000010
00111111100000001111010100010010
01000111011100001011111111001000
01000000110000001111000100000000
11110000000000001011111111011000
01000111011100000100000000000000
00001100000000001111010100000000
00001100010011001110101001011111
01000111011100001011111101001000
01000000110000001111000110110000
10111000011100111111000000000000
00010011110100011110101000001100
00001111000000011110101010010000
11110100010000101011111101001000
01000101011000100111001010000000
01000101011000111011111100111000
11101010100000001101001000000100
11110000000000000000000000000001
01000111011100000100000000000000
11110000000000001011010100010000
10111111000000001111100000011010
00111110000000010000000010001001
10111000000001111111000000000000
10111000000010011111000000000000
00001100010000011110101001011111
01101100000111001110101001011111
11101010100000001101000000001000
11110000000000000000000000000001
11101010010111111011100001010000
11101010010111110000110001000000
11010001111101100110110000011100
01000000000000001111000001001111
00000000100000001111010110100000
11110001000011100100011101110000
11110000001011100000111000000010
11111000010111100000111000000011
01000010001001000100101100000100
11101010010011111101010000000100
11110001101100100000001001000001
11011000000100010100111101111111
00000011010000001110101001001111
01001111011111111111000110110011
11010001000011101101100000001100
01111100110100001110101001001111
00001100010011001110101100001100
00001100000000101111000100001100
01001111011111111111000110110010
11101011010011001011111100001000
11100000000001000111110011010001
00001100000010001111000001001111
11101010010011111110000000000001
11101011000011000111110011010001
11111010001001000000001101001100
11110000000001001111010000000011
11110001101101000000010000000111
11010010000001100000110000000100
00001100100001001110101100001110
01000000000100001110100010111101
00001100000000011111000001001100
11101000110111110100011101100000
00001000000001111111000000001100
11110000010011110000001000000010
11110101101000000100000000000000
10111101000100000000000010000000
00000000010000100100011000001000
11110001110100101011111100011000
10111111100010000111001010000000
01000000000000001111000000000000
00100001111111111011110100010000
01010000110100001110101001000001
01000111011100000000010111000000
00001100010000001110101001011111
01101100000111001110101001011111
00000011011111111111000110111100
11110001110100111101010000010100
11110011010000000000001000010111
11110000010011111000000000011100
11111010000011000000110000000001
11110001101011001111110000000010
01000000000000110000001100000001
00000000000000111110101000100000
00000010010111001110101110110011
11101010000100001011111100001000
10111111100010000000111100001100
01000111011100000100010001100000
00111111111111111111000110110011
11101010010111111011111100101000
11110000000000000010110000000000
10111111100010000100000000000000
01010000011111101111000001000000
11110001101111000100011101110000
10111111101110000000111111111111
10110101000100000100011101110000
11111111100001111111011111111111
10111110101101101101101101000000
01000000000000001111000010000000
00001111000000011110101010010000
10101100100101111111010101111111
01000001000000001111000010000001
10111000100011111111000000000000
01010001110100001110101001001111
10111111100010000010100100000000
00000010111111111111000111010001
10000000011101011111001001000000
00100000000000001110101001001111
01000000000000001111000001000000
11110001000000011011010101110000
00001000010010010000000101111101
00001000010000001011111100111000
00001110010000111010001000001110
00001100000001000101110011010010
11110011000000101111101100000010
11110011000000111111101100000100
01000011010000001111000111000011
01010100000000101111101110100011
11101010010001010000110111101101
11111011000000100010001001000100
11111011101000001111001100000010
01000010011011010101010000000011
01000100010000001111000111000100
00011110011001001011111100111000
00110101000001011111101110100010
11111011111000100010001100000000
00001011111010100101001100000100
01000010010000111110101001000010
00110010000000101111101110100000
00000100010000001111000100010010
11110001101000100000100111100100
11110000000000110000001100100001
00101011000111110000001101111111
11101011000001001101100100110010
10111101011100000101000011000001
11110011111101111111101011111110
11100110111010011110110011110000
11011100110111101110000111100100
11010010110101001101011111011001
11001010110011001100111011010000
11000010110001001100011011001000
10111100101111011011111111000001
10110110101101111011100110111010
10110000101100101011001110110100
10101011101011001010111010101111
10100111101010001010100110101010
10100010101000111010010010100110
10011110100111111010000010100001
10011011100111001001110110011110
10010111100110001001100110011010
10010100100101011001011010010111
10010001100100101001001110010011
10001110100011111001000010010000
10001100100011001000110110001110
10001001100010101000101010001011
10000111100001111000100010001001
10000100100001011000011010000110
10000010100000111000001110000100
10000000100000011000000110000010
11110110000001001111101100000100
01000110000000001110101110110110
01000010111001101101010100000011
00011100011001001011111101001000
01000010101001101110011111000011
00011100011001001011111101011000
11110000000100011110011110111111
11010001000000100000111111111111
01000000000000001111000000000000
10110101000100000100011101110000
11111110111101011111011111111111
10111110111111111101101101111111
00001111000000011110101010010000
11110000100000011011111101001000
11110101001111110100000100000000
00011010010000101010110000000100
11110000100000101101100000000100
11101011101000000100001000000000
01000100000100010000000000000010
01010010110100001110101001001111
01010011110100011110101110100010
01001100011111111111000001001111
00001111010000011110101000011100
11101010100111001011111100011000
11010000010010100110111100000010
01001100000000001111000001001111
00100000000000001110101001001100
00100001000000011110101001001100
11111100000000111111101000100001
00001100000011001110101110110000
11110000000100101101010000001111
11010000001101100000111111111110
00000000010011001110101001011111
00010010000000001101010100011101
01010000110000101110101101000000
01000111011100001011111100111000
00001111001111111111000000011100
01000111011100001011111100011000
11101010010111111110000000001011
11110001101000100010000000011100
11101011010000000000001000000001
10111111001110000101000011000010
11110000000111000100011101110000
10111111000110000000111101111111
11110001110000110100011101110000
01000000100110010000001100100000
00011110010000001011111100010100
00000000000000011111000000100000
11101010010011110100011101110000
00001000100000000010001100010010
01000111011100001011111100001000
11111100100000001111101010110000
00000010000011001110101110100010
00001100001010001111000111001100
11110000000011001111101001100000
00101111000100101110101010010011
11101011000000001011111100000100
01000111011100000101000011000010
01110000110000111110101001001111
00001010000100110100011101110000
00010000110111001110101001011111
01000111011100001011111100001000
11101010100111001110011111110110
11010000000001000110111100000010
00001111010111001110101000010000
00100000000000001011111100001000
10110101000100000100011101110000
11111110100000111111011111111111
00111110111101101101111101000000
01000000000000001111000010000001
11110111111111000100011101110000
11110111111111001011100100001111
11110000000011001011101001000011
00101011000010010000001100001111
00100000000010001011111100001000
10000000011111111111000000000000
11010000000010110010101100001010
10111111000110000010101100001000
10111111000010000100011101110000
00001111010000001111000000011100
11110000010011111101000000001010
11110000010011110000000000000000
01000111011100000000000100000000
00001111010000001111000000011100
11110000010011111011111100011000
01000111011100000100000000000000
00001111000100001111000000011100
11110000000000001101000000001000
11110000001000000100001001111111
11101010010000100100001101110000
11101010010011110000000111010011
01000111011100000111000001000011
01000000011000001111000000000000
01000010011111111111000000100001
00000010000000001110101001000010
01000000011111111111000000000001
01110000011100101110101001000000
11110000010011110100011101110000
11110100010011000000110011111111
11101010000111000110110011100000
10111111000111000101001100010001
00001100000000111110101010011100
10111111110000100100010110010100
11101011000000010100001011011010
01000111011100000101000100000010
11010000000011010010101100000000
00001111000000001111000110111100
11110000000000011101000000001111
00101010000000000100000100000000
11110000010000011011111110100100
11110000010000010100000111100000
11110000010011110110000101111111
01000111011100000000000000000000
01000001000000001111000000000001
00000000000000001111000001001111
11101010010100000100011101110000
11110000010011110011001100000001
10111111000110000000110010011011
01101100100000001111000001001100
10101101110100101111010001111110
11110000010011110100011101110000
11101010000100100000001011111111
10111111000111000101001011010000
00000011111111111111000010010010
10111111110000100100001010001011
11101011000000000100001011010001
01000111011100000101000011000001
11010000000010100010101000000000
11010000000010110010101100000000
01000000000000001111000000000000
10111111101001000010100100000000
01000000111111101111000001000000
00000000000000001111010001000000
11110000000000000100011101110000
01000111011100000100000000000000
11110000010011110000001001000011
10111111000110000000110000001011
01101100100000001111000001001100
10101011011010001111010001111111
11110100000111000100011101110000
11010000000100010001111110000000
00101111111000001111010000011100
11101010011011111101000000000011
00000000010010010011000111001100
11110000010011110100011101110000
11110011111011110101000001000000
11110000001000101000001000000000
11101010010000100100001001110000
11110011100000100000001000000000
01000111011100001000100000000000
00000000000000001111000001001111
00000000000000000100011101110000
00000000000000000000000000000000
01010101010101010101010101010101
00111111110001010101010101010101
00000011111010110110111101111101
10111111110101001101011000010010
00001110100010000100010001010101
00111111110010011100000101010101
10110101011010001000111100111011
10111111101001001000001000101000
01110101000000011011001010001000
00111111010010011110111111100000
00001101111111011111011100001001
00111111000000100011110111100001
00011100100010100010110101001011
11000000000000110011101000100111
10011100010110011000101011001000
01000000000000000010101011100101
00011011100011010000000101011001
10111111111001100000011001101100
10110001001011101001001010000010
00111111101100111011100011000101
01010101010101010101010101010101
00111111110001010101010101010101
00000011111010110110111101111101
10111111110101001101011000010010
00001110100010000100010001010101
00111111110010011100000101010101
10110101011010001000111100111011
10111111101001001000001000101000
01110101000000011011001010001000
00111111010010011110111111100000
00001101111111011111011100001001
00111111000000100011110111100001
00011100100010100010110101001011
11000000000000110011101000100111
10011100010110011000101011001000
01000000000000000010101011100101
00011011100011010000000101011001
10111111111001100000011001101100
10110001001011101001001010000010
00111111101100111011100011000101
00000000000000000000000000000000
00000000000000000000000000000000
00110011001100100011000100110000
00110111001101100011010100110100
01000010010000010011100100111000
01000110010001010100010001000011
00000000010110000011000001000000
00110011001100100011000100110000
00110111001101100011010100110100
01100010011000010011100100111000
01100110011001010110010001100011
00000000011110000011000001000000
00001000000000000000000000000100
00000000000000000000000000000000
00000010000000000000000000000000
00000000000000000000000100000000
00000000000000000000000000010000
00000000000000000000000000000000
01010100010000000000000000000000
00111111111110010010000111111011
00011010011000100110001100110001
00111101110100001011010001100001
00011010011000000000000000000000
00111101110100001011010001100001
00101110000000110111000001110011
00111011101000110001100110001010
00101110000000000000000000000000
00111011101000110001100110001010
00100101001000000100100111000001
00111001011110111000001110011010
00000000000000000000000000000000
00000000000000000000000000000000
10100010111110011000001101101110
01001110010001000001010100101001
11111100001001110101011111010001
11110101001101001101110111000000
11011011011000101001010110011001
00111100010000111001000001000001
11111110010100010110001110101011
11011110101110111100010101100001
10110111001001000110111000111010
01000010010011011101001011100000
00000110010010010010111011101010
00001001110100011001001000011100
11111110000111011110101100011100
10110001001010011010011100111110
11101000100000100011010111110101
00101110101110110100010010000100
11101001100111000111000000100110
10110100010111110111111001000001
00111001100100011101011000111001
10000011010100110011100111110100
10011100100001000101111110001011
10111101111110010010100000111011
00011111111110001001011111111111
11011110000001011001100000001111
11101111001011110001000110001011
01011010000010100110110100011111
01101101001101100111111011001111
00100111110010110000100110110111
01001111010001100011111101100110
10011110010111111110101000101101
01110101001001111011101011000111
11101011111001011111000101111011
00111101000001110011100111110111
10001010010100101001001011101010
01101011111110110101111110110001
00011111100011010101110100001000
01010110000000110011000001000110
00000000000000000000000000000000
10100010111110011000001101101110
01001110010001000001010100101001
11111100001001110101011111010001
11110101001101001101110111000000
11011011011000101001010110011001
00111100010000111001000001000001
11111110010100010110001110101011
00000000000000000000000000000000
00010001000100001111111001111010
00111111110000010001000100010001
10000100000001101101011000110111
00111111100101100110010011110100
11001001010101100000001100101000
00111111011011010110110100100010
11110010111100100110010100000001
00111111010000110100010011011000
10100000001101111001001010100110
00111111000101000111111010001000
11011011011000000101001101110011
10111110111100110111010111001011
00011011101100110100000111111110
00111111101010111010000110111010
11101001011011101000010010010011
00111111100000100010011011100011
11111110111000001000001100010101
00111111010101111101101111001000
00011010100011010001000001101000
00111111001100000010011011110111
00110010111100001010011111101001
00111111000100101011100000001111
01110100101111110111101011010100
00111110111110110010101001110000
00110011001100100011000100110000
00110111001101100011010100110100
01100010011000010011100100111000
01100110011001010110010001100011
00110000000000000111000001111000
00110100001100110011001000110001
00111000001101110011011000110101
01000011010000100100000100111001
01011000010001100100010101000100
00000000000000000000000001010000
00000000000000000100000000000010
10100000000000000000000000000000
00000000000000000000000000000000
00000000000000000100000000000101
11001000000000000000000000000000
00000000000000000000000000000000
00000000000000000100000000001100
10011100010000000000000000000000
00000000000000000000000000000000
00000000000000000100000000011001
10111110101111000010000000000000
00000000000000000000000000000000
00000000000000000100000000110100
10001110000110111100100110111111
00000100000000000000000000000000
00000000000000000100000010110101
11010000110011110100101101010000
11001111111000100000011101100110
00000000000000000000000000000001
00000000000000000100000101101100
10101010010100011000001000111110
00110100101001111110111011011111
00000000000000000000000000000001
00000000000000000100001011011001
11100010101000001011010111011100
10010111000111110011000000111010
11111111111111111111111111111111
00000000000000000100010110110100
11001000101000000010010111111101
01001111110000011010001111101001
11111111111111111111111111111111
00000000000000000011111111111111
10000000000000000000000000000000
00000000000000000000000000000000
00000000000000000011111111111111
10000000000000000000000000000000
00000000000000000000000000000000
01110100011100110111100101010011
01101110010010010110110101100101
01100101001000000111010001101001
00001010001000010110010001101110
01100101011011000111000000000000
00100000011001010111001101100001
01110101011100000110111001101001
01101100011001100010000001110100
00100000011101000110000101101111
00101111001010100010110100101011
01110000000000000000101000111101
01110011011000010110010101101100
01101110011010010010000001100101
00100000011101000111010101110000
00100000011101000110111001101001
00101111001010100010110100101011
01110100000000000000101000111101
00100000011101000111001101100101
01100010011101010110111101100100
00101010001000000110010101101100
00001010010010110100111100100000
01110011011001010111010000000000
01101100011001100010000001110100
00100000011101000110000101101111
01001011010011110010000000101010
01100101011101000000000000001010
01100100001000000111010001110011
01101100011000100111010101101111
00100000001011110010000001100101
00000000000010100100101101001111
01110100011100110110010101110100
01101111011011000110011000100000
00101111001000000111010001100001
00001010010010110100111100100000
01110011011001010111010000000000
01101100011001100010000001110100
00100000011101000110000101101111
01100110011011100110000101110100
00001010010010110100111100100000
01110011011001010111010000000000
01101100011001100010000001110100
00100000011101000110000101101111
01101110011010010111001101100001
01001011010011110010000001100110
01100101011101000000000000001010
01100110001000000111010001110011
01110100011000010110111101101100
01101111011000110110000100100000
01001111001000000110011001110011
01110100000000000000101001001011
00100000011101000111001101100101
01100010011101010110111101100100
01110100001000000110010101101100
01001111001000000110111001100001
01110100000000000000101001001011
00100000011101000111001101100101
01100010011101010110111101100100
01100001001000000110010101101100
00100000011011100110100101110011
00000000000010100100101101001111
01110100011100110110010101110100
01110101011011110110010000100000
00100000011001010110110001100010
01110011011011110110001101100001
00001010010010110100111100100000
00101111011001000010010100000000
00100101001111010110010000100101
00100101001001010010000001100100
00001010011001000010010100100000
00101010011001000010010100000000
00100101001111010110010000100101
00100101000000000000101001100100
01100100001001010010101101100100
00001010011001000010010100111101
00101101011001000010010100000000
00100101001111010110010000100101
01110011000000000000101001100100
01110000011001010110010101101100
01100100011011100110010100100000
01100110001001010000000000001010
00111101011001100010010100101010
00000000000010100110011000100101
00100101001010110110011000100101
01100110001001010011110101100110
01100110001001010000000000001010
00111101011001100010010100101101
00000000000010100110011000100101
00100101001011110110011000100101
01100110001001010011110101100110
01101111011100110000000000001010
01110110010111110111010001100110
00100101001110100111001001100101
01110000011000110010000001110101
01100101011101100101111101110101
01110101001001010011101001110010
01100001011011000110011000100000
01110110010111110110100001110011
00100101001110100111001001100101
00100101000000000000101001111000
01111000001001010010011001111000
00001010011110000010010100111101
01011110011110000010010100000000
00100101001111010111100000100101
00100101000000000000101001111000
01111000001001010111110001111000
00001010011110000010010100111101
01100101011011000111001100000000
00100101001000000111000001100101
01110011011011010010000001110101
01100001011101000111001100100000
00111110001000000111010001110010
00100101000000000010000000111110
00111101001111010011000100000000
01011111011001000000000000110000
00110000001111010011110101110110
00110001001101100011011000101110
00110001001100100011011100110100
00110111001100100011001000111000
00110111001100000011100000110110
01011111011001000000000000110011
00110000001111010011110101110110
00110011001100110011010000101110
00111000001100010011100100111001
00110100001101110011100100111001
00111000001100010011011000110110
01100100000000000011010000111000
00111101001111010110001101011111
00110110001101000010111000110000
00110001001101100011010000110011
00111000001110010011001100110100
00110001001101000011100000110100
00000000001101100011001000110000
00111101011000110101111101100100
00110100001011100011000000111101
00110001001110010011100000110100
00110011001100000011000000111001
00111000001101000011001000110010
00110110001110010011011100110011
01100011010111110110010000000000
00101110001100010011110100111101
00111000001100010011001000110001
00110010001100110011011100110111
00110000001101110011010100110011
00111000001110000011010100110000
01110100011011110110111000000000
01110000011101010111001101011111
01110100011100100110111101110000
01110101001001010011110000111010
00100101001111000010000000111110
00100101001111000011111001100100
00100101001111000011111001100011
00000000001111010011111001100100
01100011001001010110010000100101
00000000001111010110010000100101
01100110001001010011101001110010
01110100011011110110111000100000
01110000011101010111001100100000
01110100011100100110111101110000
00100101011001100010010100111010
00111101011001100010010101100011
01100101001001010011110000000000
01110010011011110111001001110010
00101110000000000011111000100101
00101110001011100010111100101110
01100101011100110101010100101111
01101101001011110111001101110010
00101110011011100110100101100001
01011111011001100000000001100011
00110000001111010011110101100011
00110101001100100011000100101110
00110001001101010011010100110110
01100110000000000110011000110011
00111101001111010111011001011111
00110010001100010010111000110000
00110010001100110011100100110001
01100110001100110011001100110110
01100011010111110110011000000000
00101110001100010011110100111101
00110100001101010011010000110100
00110100001101010011100000110110
01011111011001100000000001100110
00110000001111010011110101110110
00110101001100100011000100101110
01011111011001100000000001100110
00110000001111010011110101100011
00110101001100100011000100101110
00111000001101110011001000110011
00000000011001100011011000110010
00000000000000000111001100100101
00001000000000000101001001011000
00100000000000000000000000000000
00000000000000000000000000011000
00001000000000000000000101010000
00001000000000000101001001110000
00100000000000000000000000011000
00000000000000000000100011100000
00001000000000000000000101110000
00000000000000000000000000011100
00000000000000000000000001000011
11111111111111111111111111111000
00000000000000000000000000001100
00000000000000000000000000001110
00000000000000000000000000001111
00000000000000000000000000101110
00000000000000000000000100010000
00000000000000000000000001000011
11111111111111111111111111111000
01000000010000000100000000000000
01000000010000000100000001000000
01000001010000010100000001000000
01000000010000010100000101000001
01000000010000000100000001000000
01000000010000000100000001000000
01000000010000000100000001000000
01000000010000000100000001000000
00000010000000100000010101000000
00000010000000100000001000000010
00000010000000100000001000000010
00000010000000100000001000000010
00100000001000000010000000000010
00100000001000000010000000100000
00000010001000000010000000100000
00000010000000100000001000000010
10010000100100000000001000000010
10010000100100001001000010010000
00010000000100000001000000010000
00010000000100000001000000010000
00010000000100000001000000010000
00010000000100000001000000010000
00010000000100000001000000010000
00000010000000100000001000000010
10001000100010000000001000000010
10001000100010001000100010001000
00001000000010000000100000001000
00001000000010000000100000001000
00001000000010000000100000001000
00001000000010000000100000001000
00001000000010000000100000001000
00000010000000100000001000000010
00000000000000000000000001000000
00000000000000000000000000000000
00000000000000000000000000000000
00000000000000000000000000000000
00000000000000000000000000000000
00000000000000000000000000000000
00000000000000000000000000000000
00000000000000000000000000000000
00000000000000000000000000000000
00000000000000000000000000000000
00000000000000000000000000000000
00000000000000000000000000000000
00000000000000000000000000000000
00000000000000000000000000000000
00000000000000000000000000000000
00000000000000000000000000000000
00000000000000000000000000000000
00000000000000000000000000000000
00000000000000000000000000000000
00000000000000000000000000000000
00000000000000000000000000000000
00000000000000000000000000000000
00000000000000000000000000000000
00000000000000000000000000000000
00000000000000000000000000000000
00000000000000000000000000000000
00000000000000000000000000000000
00000000000000000000000000000000
00000000000000000000000000000000
00000000000000000000000000000000
00000000000000000000000000000000
00000000000000000000000000000000
00000000000000000000000000000000
00000000000000000000000000000000
00111111000100000011010010101111
00111111111000010010010100110110
01000101001010101001001110000010
00111111111100111100000011001010
00111101111111001101011011101010
00111111011111001101011011101010
