00100000000000000000100011001000
00001000000000000000000111011101
00001000000000000000001000011001
00001000000000000000001000011011
00001000000000000000001000011101
00001000000000000000001000011111
00001000000000000000001000100001
00000000000000000000000000000000
00000000000000000000000000000000
00000000000000000000000000000000
00000000000000000000000000000000
00001000000000000000001000100011
00001000000000000000001000100101
00000000000000000000000000000000
00001000000000000000001000100111
00001000000000000000001000101001
00001000000000000000001000101011
00001000000000000000001000101011
00001000000000000000001000101011
00001000000000000000001000101011
00001000000000000000001000101011
00001000000000000000001000101011
00001000000000000000001000101011
00001000000000000000001000101011
00001000000000000000001000101011
00001000000000000000001000101011
00001000000000000000001000101011
00001000000000000000001000101011
00001000000000000000001000101011
00001000000000000000001000101011
00001000000000000000001000101011
00001000000000000000001000101011
00001000000000000000001000101011
00001000000000000000001000101011
00001000000000000000001000101011
00001000000000000000001000101011
00001000000000000000001000101011
00001000000000000000001000101011
00001000000000000000001000101011
00001000000000000000001000101011
00001000000000000000001000101011
00001000000000000000001000101011
00001000000000000000001000101011
00001000000000000000001000101011
00001000000000000000001000101011
00001000000000000000001000101011
00001000000000000000001000101011
00001000000000000000001000101011
00001000000000000000001000101011
00001000000000000000001000101011
00001000000000000000001000101011
00001000000000000000001000101011
00001000000000000000001000101011
00001000000000000000001000101011
00001000000000000000001000101011
00001000000000000000001000101011
00001000000000000000001000101011
00001000000000000000001000101011
00001000000000000000001000101011
11111000000000101111000000000000
11111000011001001111000000000000
11101000100101101010011000010100
01000100101100100000110000000000
01000101110110100100010010110011
11110000000000001101000100000001
11101000101110101111100001011011
10100110000011110000000000001111
00000000001100001110100010010110
00000101000001001110101110100101
00000111000001101110101100000100
00000100000001111110101110101010
00000111000000011111000110100111
00010101000101011110101001001111
00010100001101001110101001001111
00000100000000011111000110100100
11010011000000010100001010101100
11111000010001001111000000000000
00001111000000011111000000010011
00011010111110111011111100011000
00000011000000011111000001000011
11111000000000011111000000000000
01000111000110001110011111011011
00000000000000000100101111000000
00000000000000000100101111010000
00000000000000000100011101110000
00100100000000000010001100000000
00100110000000000010010100000000
10111111001010000011101000010000
11011000111110111100000101111000
10111111001010000000011101010010
10111111010010001100000100110000
01000111011100000110000000001011
11110000000001000010100101100110
00101001011001001000001000101110
10000000111110001111000000000000
11110000000000000010100101110101
00101001011110001000000011110101
10000001001011101111000000000000
11110000000000000010100101100011
00101001011100111000010000110001
10000100001101101111000000000000
01000111011100000010000000000000
11110000000000001011010100011111
00000000000001001111100110101001
00100001000000000010000000000000
11111100110010101111000000000011
01100000011000000001110001000000
00100001000000000010000000000000
11111100110110101111000000000011
10111101000111110110000011100000
10111101000100001011010100010000
11111101101100001111000000000000
11110111111111110100011000010001
11110000000000001111111111101001
11110000000000001111111010000111
10110100000000111111110111001110
11111111111100101111011111111111
11110000000000001011110000000011
00000000000000001111111000101111
00000000000000001111000001001111
00000001000000001111000001001111
00000010000000001111000001001111
00000011000000001111000001001111
00000100000000001111000001001111
00000101000000001111000001001111
00000110000000001111000001001111
00000111000000001111000001001111
00001000000000001111000001001111
00001001000000001111000001001111
00001010000000001111000001001111
00001011000000001111000001001111
00001100000000001111000001001111
01000111100000000100100000001001
01000111000000000100100000001001
11100111111111101110011111111110
11100111111111101110011111111110
11100111111111101110011111111110
11100111111111101110011111111110
11100111111111101110011111111110
01001001000001010100100000000100
01001011000001010100101000000011
00000000000000000100011101110000
00001000000000000000110111101101
00001000000000000000000011101101
00100000000000000000000011001000
00100000000000000000100011001000
00100000000000000000000011001000
00000000000000000100011101110000
11110000000000001011010100010000
00011101000000001111100101001101
10111111000000001011110100010000
00000000000000000011100011100001
01000110000001001011010100010000
11111111111101001111011111111111
01011101000000000110100000000000
11010101000000100000011011000000
00000000001000001111000100000100
01000110001000001011110100010000
10110101000100001011110100010000
11110111111111110100011000000100
01101000000000001111111111100111
00000111000000000101110100000000
00101100110111111101010100000100
11110001101001001101000000000010
10111101000100000000000000100000
10111101000100000100011000100000
01001001000001001011010000001111
10101010000000111011010100010000
11110000000000001001100000000010
10111100000100001111101110110001
11111011000101001111100001011101
00100000000000000000000001100000
01000001111100001110100100101101
01000110000001000100011000001110
01100010001000000010000000000000
01101000111000010100011000100000
10110011001100000100011110001000
11010000000001010010100000100101
00100001000000011110100111010100
01101010001000000100011110010000
11100111111100100001110001000000
01000110001000000110100011100001
01000111100010000010011100000000
11010000000110000000000000000101
00000000010000011111000110100101
11011000000000100010100000011001
11110100010011110011010100100000
01000110001100100110011100000000
01000110001000000100011000101001
11110111111111110110000000100111
10110001010000001111111100111011
11010000000001000010100000000001
11110000001001100001110111110110
00110110000010000000011000000111
00011101001101101110011111011000
01000110001010001110011111010110
01101010001000001110011111011010
10000001111100001110100010111101
01000110000011001011010101110000
00101010000000010100011000000101
01111000001010001101000000000101
11010101000000000000011010000000
00100011000000000110100111101010
00100011000000011110000000000010
00011100010110111110000000000101
11010010000000100100001010010011
00101000000000000101110011100000
01101001101010001101000111111001
00011010110000000001100011100110
01101010001010000110000110101000
01100010001010000100010000011000
11110011101011110100011000101000
11100000000001001000000000000000
00100001000000011110100111010101
00001011000000011111100000010100
01000010101101000100011110010000
01000110001010001101001111111000
10000000000000001111001110101111
00000000000000001011110101110000
01000001111100001110100100101101
00100100000000000100011000000110
00101001011101010110100000010000
10100101000101100100011000110001
11110011101011111101000000010000
00101000000000001000000000000000
01000010010000001101101000000010
11100000000001111010010100010011
00000111100010100110100000110001
10100101000100101101010100000001
00000111010010011110000000000010
10100101000100011101010100000100
11100000000000010010010000000001
10000000000000001111001110101111
00100010000010100010000100000000
00000111001001001111000100000110
11111011101100001110000000001001
11111011101100001111110011110010
11111011000000101111001111110010
00110000001100000000000000011100
01000110000110000101010001111000
00101000000000000001110001001001
01000110001000111101000111110011
01000110001100000100011000101010
01000001111100001110100010111101
10111000100111011111000000000000
00000000000000000000000000000000
00000000000000000000000000101101
00000000000000000000000000101011
00000000000000000000000000100000
01000110000001001011010101110000
01000110001000010100011000001101
11110011101011110110100000010000
10001000001000011000000000000000
11010101000000100000010100001001
01000100011110100100101000001111
01001010000011101110000000000010
00110010000011100100010001111010
11110001000001000010000100000000
11100000000001010000001100100100
00000110000011111111000000000000
01011101100101100000100100000000
00011100010010010101010001011110
11010001111101110010100000000000
00100011000000000111100000100000
11010101000001000000011100000000
11010000000000100010110101110000
00100011000000101011000100001001
01000110001000000011001000010001
01000000011100001110100010111101
10111000011010111111000000000000
00000000000000000100001010111000
01000110000001001011010100010000
11110000000000001110000000000011
00011100010000001111110100011001
11111000000101001101000000001001
01001001000001010000101100000001
11010001111101100010100000000000
01000000000100001110100010111101
11110000000000000010000000001010
11110000010011111011110100001101
10111101000100000011000011111111
00100000000000000000000001100000
01000110000001011011010100001110
01000110000011100100011000010100
11110000000000001010000000010011
01000110001010001111101011100110
11111010111000111111000000000000
11110000000000001010000000010110
01000110001100001111101011100000
11111010110111011111000000000000
11110000000000001010000000010101
00100001000000001111101011011010
00010000000010111111100010001101
11110001000011010010000100001010
11111000100011010000000000001010
11100000000010000001000000001010
11110010111100011111101110010100
01000010000100101111101100000001
11110100111100011111101110010100
11111000000000000011001000110000
00101100000000000010110100000001
11110000000000001101110011110100
11110000000000001111101011000100
00000000000000001111101010110111
00100000001010100010101000101010
01100101011100110111001101100001
01101111011010010111010001110010
01100001011001100010000001101110
01100100011001010110110001101001
00000000000000000010000000111010
01101001011001100010000000101100
00000000001000000110010101101100
01101001011011000010000000101100
00000000001000000110010101101110
01000111011100000100011101110000
01000111011100000100011101110000
01000111011100000100100000000000
00100000000000000000000000100000
11110000000000001011010100010000
01101000000000001111101010110001
10110101000100001011110100010000
11110000000000000100011000000100
01100000000001001111101010101011
11101001001011011011110100010000
01000110000011010100011111110000
01000110100100100100011010011001
11110001000000000100011000000100
01101000000000010000100000100100
11010101000001000000011010001000
11110000001000010110100111100000
01100000001000010000000100010000
00100000000000011110000000000000
11011101000000010100001010101000
11100000000000000001101101000111
01101001101000010010011100000000
11101011000000100001100101111010
00011010000010000000000000001001
01111000001000000110000110100000
11010100000000100000011011000000
11110011101011110100011000100000
00100110000000001000000000000000
11101001110101001110000000001000
11111000000110100010000100000001
01000111100100000000000000000110
00011100010000000110101000100000
01100010001000000001110001110110
11011011111101000100010101001110
00000110110000000111100000100000
01000110001000001101010100001010
10000000000000001111001110101111
11101001110101001110000000000110
00100000001100000010000100000001
01101010001000000100011110010000
01100010001000000001110001000000
11110001101001110001111000111000
11011100111101000000011100000001
11101001110101001110000000000111
11111000000110000010000100000001
01000111100100000000000000000101
00011100010000000110101000100000
00011110001010000110001000100000
00000101000000011111000110100101
01000110001000001101110011110011
10000000000000001111001110101111
00000110000000000111100000100000
00100000000000101101010100000010
10000111111100001110100010111101
11100111111110110010000000000001
01001111111111111110100100101101
01000110000111100100011000001100
00110111111111111111000001001111
11101001110100101011000010001011
11111000110111010000000100000000
10010000000010101000000001100000
11110011110000010100011010001010
10111001000001010101010100001010
00100001000000000100011000111101
11110000010011110100011000001000
11110001101110100000000000000000
11110100000000000000111100000000
11011010000001010000000001000000
00000000100000001110101100000000
00000001010000001111010001001111
00000000010100001110101000000001
01011001100100001110101001001111
00001111000000011111000110111001
01000110101110011101110100000000
11101010010100001001100000001010
11010000000011100000000001001010
01010000000100001111011001000100
00110101111111111111001010100101
00010100001011110100001101000101
00001111000000001111000110111000
01000010011101011101000000011110
11011101000111100001111000101001
00000010000000001111000111001001
11110001101110001110000000011100
11110000010011110000111100000001
11010000000000010000000000000000
11100000000000110010000100110000
11100000000001010100001111110010
00011100010000000101010000100001
11011011111110110100001010110000
00100010000000000100011000110000
01010100001000010010000100000000
11111000110000011001100100001011
11101001110000011000000000001000
10110000000011110010000000000000
10001111111100001110100010111101
00011100011011010001101110111101
01000110010010101110011111011110
01000010011010011101101000000000
11110000000000001010100000000110
10101011000001101111101010010111
00000000000001111110100010010011
11101000100000111010101100000011
01000110010100000000000000000111
11110000000000011001100100001010
11101000100011011111100010001101
11110101101000000000000000000111
00111000000111110101000000000000
10011000000000111001000000000000
11011101000010100010110100000000
00000001000111111111001001000010
01000100000010000100011001001010
10101001000000110010001100000000
01000110011010001001000000000011
11111010111101101111000000000001
11110101101000001110000000001001
01000110010010100101000000000000
00100011000000000011100000011111
10010000000000111010100100000011
11110000000000010100011001101000
11101000100011011111101100000000
00000100000000000000000000000111
11010000000000110000110000000000
00110000111111111111000001001111
11100000000000000000100001000001
11110001101110000100011000010000
11010000000000110000111100000000
10010010000000000010001000000000
11100000000111100100011000010101
11010100000001010001111001110101
11111001101111001111000000000000
01010101011000100011001000110000
11010101111110010001111001101101
00100010000000010100011010110011
11010000000000100100001100001000
00011100011111110010001000000000
01111000001000001110000000000100
11010001000000010010100000110000
00011110011111110010001000000000
10010111000010010010101000000000
11100000000111011101000010000100
11011010000001110010110100010001
11111001101001001111000000000000
01010101011000100011001000110000
11101010010100000001110001101101
11010001111101010000001000000001
11010000000000100100001100001000
10110001110010001001100000000000
00100001000000001110000000001110
11100000000001010001111001101000
01011100011000100101110000100011
01010100001000100101010001100011
00011100010010010001111001000000
11011011111101110100001010000001
00011011101010000100011010101011
10010000000010010001111001000000
11111000000001000010000000000000
10011000000010110000000000001011
11111000110000001001101000001001
11101001110000001000000000001000
11100111011110100010101100000000
11110000010011110010011000010001
11100111010101110000100000000000
01001111111100001110100100101101
01000110000001000100011010001000
11110000001000100001110111010010
10110000100100010000000100000111
00000001000000001110100111010001
00000001000010101110100111001101
11111011110101001111000000000001
10011000000010110100011000000010
11010000000000010000111111000000
11100000000001110010000000101101
00000111100000010110100000100000
00100000001010111101010100000001
00100001001000001110000000000010
00000000110000001110101000000001
10010000000010010010101000000011
00101010000001111101000000000001
01000110000000111101101100000101
01000110001000000100011001000001
11111001101101001111000000000000
01111000001000001110000100001011
11010101000000010000011010000000
11100000000000000110100111100000
11110001101110000010000000000110
01000110100000010000111101100101
11110001101110001101000000000110
11010000000110000000111101100110
00001111011001111111000110111000
11100000001100011101000101110000
11110001101110010010000000000000
10010000000000000000111100010001
00100011000100011101101100000001
11110001000010011110000000000001
10101010000010100000001100000001
10101000000011001010100100000001
11111110111000101111011111111111
01110000000011001110100111011101
11110001000010010010011000000000
01000110100000110000010100000001
00100000000000011110000001000111
10010000000000000100011001001011
01000111000000001111000001001111
10101001000000011010101000001010
11110111111111111010100000001100
11101001110111011111111011010001
10011001000011001011000000001101
00100110000000000100011001011101
11110001000010011011100100010000
00011000000011010000000000000001
00000000000001011110101110111001
11110001110000001101010000000011
11110001000010010011011011111111
11101011101001010000010100000001
11100000001010110000000000001001
00001111000000011111000110111001
11110000010011111101101000000001
00100000000000000000100100000001
00001111000100011111000110111001
01000110010010001001000000000000
00100011000100011101110100000001
01000110000000111110000000000000
10101001000000011010101000001010
11110111111111111010100000001100
11101001110111011111111010101011
01000110010011010111000000001100
01000110100000110010011000000000
00000111000000000111100000100000
01000101101010111101010000001010
01000110010111011101101000000000
00101101000000011010100000000001
00011001010000011101110100000100
00011100000000011111100000010001
11010000000001110010100100110000
11011010000000100100010101001111
00001111000001001111000100010111
00100000000000011101101000000100
11100000000011110100011010000010
11100111111011100001111001101101
11011100000000100010111100000000
01000100001111100001101111101101
00011100011110001110000000000011
11011101000000000100001010101000
00011011101110000001110001111101
00001010000000011111000100000000
01000111000000001111000001001111
00000111000000000111100000100000
01000101101010101101010000000011
11110000010011111101101100000001
00100001000000000011101011111111
01001111000000001111000110110111
00001000010000111111000100001101
00010000010000111111100010001101
00100000000000101101000000100100
00101111000000000010001100101011
01000010011111111101101000000001
00100001000010100010001100101101
11110001101000000001111000000010
11011100000000000000000000000001
11111011100101111011000101011111
11111011100101111111110011110001
11111011000000011111001011110001
01000110000101110111110000011100
00001100001100001111000100001100
11001101000000011111100000001000
11110001101010001110011111101110
01110000000000110000000000000001
00000101000010011000100000100001
00100001010001011101010100000001
00100001011001011110000000000000
00001000000000011111000110100000
00011100000000011111100000000000
10101001000011111001100000001001
00000111000010001110101110100001
10110001000000000001110111111111
00011001010000010010000000000001
01110000111010101110101100000001
01000100001110000110100110100001
00011110010000000001101000001000
01111000001000000110000110100000
11010100000000100000011011000000
11110011101011110100011000100000
10011000000010011000000000000000
11101001110101001011000100101000
01000111100100000010000100000001
00011100010000000110101000100000
01111000001000000110001000100000
11010101001000100000011011000000
11110011101011110100011000100000
11100000000111101000000000000000
11011011000001000010111000000000
11011101000000100100010110110011
01011101100000001010100000000001
00100000001100001110000000000000
00100001000000011110100111010100
01101010001000000100011110010000
01100010001000000001110001000000
11110001101010100001110001110110
11101010010111110000000000000001
11010001000010100000101000000000
11111101101010101111011111111111
01101000000000010110100011000000
11101001110101000101110001000000
01000111100100000010000100000001
00011100010000000110101000100000
00011110001010000110001000100000
00000101000000011111000110100101
11100000000001111101110011011100
00100001000000011110100111010100
00001011000000011111100000011000
01101010001000000100011110010000
01100010001000000001110001000000
11110001101001110001111000111000
11011100111100110000011100000001
11110011101011110100011000100000
00100000000000111000000000000000
11100110010000011011000000010001
01101001010000111011010100010000
11110011101011111011000100010011
11100000000000011000000000000000
11111100100101101111011111111111
10111101000100000010000000000001
11110001000000000111100000010010
01110000000010100000000100100100
01110000010010100010001000000000
11100111111011010010001000000001
11110000010011110110100000010001
11100111111010010011001011111111
10110101011100000100101100000111
01000100011110110100011000001101
11111000011101011111000000000000
01000110001010000100011000000100
11111001001101101111000000000000
11110000010011111011000100010000
10111101011100000011000011111111
10111101011100000100011000100000
00000000000000000000010001100111
00100000000000001011010100010000
11111001001011101111000000000000
11111011110000001111011111111111
01000000000100001110100010111101
11110000000000000010000000000001
10110101000100001011100111111011
11100000000000100100011000000100
11110000000000000001110001100100
01111000001000001111100111110111
11010001111110010010100000000000
00000000000000001011110100010000
01000111011100000100100000000000
00100000000000000000000000000000
01000111011100000100100000000000
00100000000000000000000000000000
11110001101100001011010100110000
11110001011100010000001000001010
11101010010011110000001100000000
11101010010011100000111010010000
11101011101100000111111010000001
11101011011000010000000000001110
11101010010011110000000110010001
11101010010011100001111000010000
11101011000100000111111000000001
11101011010000010000000000001110
11101010010011110001000100010001
11101010010011100010111000010000
11101011000100000110111000000001
11101011010000010000000000001110
11101010010011110010000100010001
11101010010011100100111000010000
11101011000100000100111000000001
11101011010000010000000000001110
00011000010000000100000100010001
00000001000000001111000101000001
00000000110100001110101001001111
01110000010000011110101001000000
00000001110100011110101001001111
00000100100000011110101001001111
01110100100100001110101001000100
00000101100000001110101100010000
00000100000000011110101101000100
11101011010001000001100101101101
00011011010100100000010000000100
11110000010011110100000110100011
10111111010010000000001100000000
11010101000000000011001000001010
00011100010000001011110100110000
00000001000000001111000101000001
00000000000000001011110100110000
00011100010010100110100100000001
01111000000010000110000100000010
10110101000000000100011101110000
11101001110011011011000010001111
00100001000000000011000100000001
01001001000001011001000100000101
11101001110011010100010001111001
01000110000100010001000000000011
11110111111111110100011001101000
10110000000011111111101111001011
00000000000000001011110100000000
11111111111111111111111111100101
01000001111100001110100100101101
01000110000001000100011000011111
01101000000000010010011000000011
11110100000000010010101000000111
11011011000001000110000000000000
10100101000101101011000100001000
10100101000101101110000000000101
10110001000010001110000000000011
11100000000000001010010100010101
11110000001000011010010100010101
01100000001000000000000000010000
00011110110000000110100110100000
10110001000011110110000110100000
01100001101000000001111001000000
11110011101011110100011000100000
10110001010011111000000000000000
00100001000000011110100111010100
01000111100100000100011000111000
00011100010000000110101000100000
00011100110000000110001000100000
11100000000001100110001000100000
11100111111110100110101000100000
00100001000000011110100111010100
00001011000000011111100000010101
00011110011101100100011110010000
01000110001000001101001011111000
10000000000000001111001110101111
10000001111100001110100010111101
00000000010011100100000101001110
00000000011011100110000101101110
00000000010001100100111001001001
00000000011001100110111001101001
01000111111100001110100100101101
01000110000101100100011010000001
01001000001101011011000010001010
11001000000011010100010001111000
00000000000011011110100010001101
01000100011110000100100000110010
10101100000000110001110010000000
11101000100001001100100000001101
11110110010000010000000000001101
01000100000010000011000010011011
11111011100100000010000100110111
11111011100100001111001011110001
11110001101001011111010111110001
11111011000000010000010110000000
00111100000110110000010000010010
01000010011001001101010100000010
11100000000000000010000000000001
11111000110111110010000000000000
01000110100000001010000010011000
01000100111110100010011100000000
00001010101111101111000110101010
00000111111000001110000000001110
01000110001100101101000000001010
11101011000001110100011001101000
00100011000000010000000101000111
00000001100000011110101100001010
11111000010110111111000000000001
00000000000001111110100010001101
00011100011111110001000001100100
11010001111011100010110000000000
01000100011111110100111100011001
11100000000110010011111110101110
11010000000101010000011111101000
00010000000001001110101100000111
00001010000110001111000100001101
00000000000011101110100010010000
00000000000011101110100010001010
01000010111100000110100011000000
00011001100110001101000100000001
01000110001100101001000000001000
10101001000001100010001100000001
11110000000000011010100000000011
10101011000000111111100000111100
00000000000001111110100010000011
00011100011001000001000001101101
11010001111000110010110100000000
00000011000000011111000001001111
01000110011010010100011000110010
00001111000000001111000110111000
11010000000000101010100000000011
11111000000101101111000000000001
11110000000000011110000000000001
11101001110010011111100000101000
11111000110010010000000100000000
10110000000010100010000000001000
10000111111100001110100010111101
00000000000000000011110110111000
11110000000000000111101100000000
01000111011100000000000010000000
11110000000000001011010100010000
11101000101111011111100001111001
11110000000000000100000000010000
00000000000000001011100001101111
00111100000000011111000001001111
00101011000001001111100001010000
00111011000001001111100001010001
11010001001000010100001010011010
00000011000011001110101110100010
11101010000100110100001110010011
11010001000101110001001111001100
00101011000001001111100001010000
00111011000001001111100001010001
11010001000101010100001010011010
00000011000011001110101110100010
11101010000100110100001110010011
11010001000010110001001111001100
00101011000001001111100001010000
00111011000001001111100001010001
11010001000010010100001010011010
00000011000011001110101110100010
11101010000100110100001110010011
11010000110110110001001111001100
00000000000000001111000001001111
10111111000000000100011101110000
10111010000000010001101011010000
11110001100000011111101010110001
00000001000110001111000000000001
11110000000000011111101000100010
10110010110110110100000011001011
00011010110000001011001011000000
00000001001000001111000111000001
11110011000000011111101000101100
01000011100100010001101011010001
00010001110000111110101000010001
01000111011100001101000111100110
11110111111111110100011001110101
01000110101011101111111010011001
01000110011010010000000000000101
11110000001000000100011001010011
01000110100001010000000000000111
10110101001000001011000000011000
11111010011110001111011111111111
01000000001000001110100010111101
00000110000000001111000001001111
00000111000000001111000001001111
00001000000000001111000001001111
00001011000000001111000001001111
11101000101011000100011010101100
11101000101011000000100111000000
11101000101011000000100111000000
11101000101011000000100111000000
11110000001000010000100111000000
01000110100011010000000100000111
10110101000100000100011101110000
11110011101011110100011000000100
01000110001000001000000000000000
01000000000100001110100010111101
10111010001010011111011111111111
11010000000000010010100000000000
10111000010110101111000000000000
00000000000000000100011101110000
00100001000000001011010100010000
11110000000000001010000000000010
00100000000000011111100000010011
00000000000000001011110100010000
01000001010001110100100101010011
00111010010101000101001001000010
01101110011000100100000100100000
01100001011011010111001001101111
01100101011101000010000001101100
01101110011010010110110101110010
01101111011010010111010001100001
00000000000000000000000001101110
01000110000001011011010101110000
00100000000010100100011000001100
00011100011011011110000000000000
11111000001110101111000000000000
01111000001010001011000100110101
11010001111110000010100000000000
00011100011001001110000000000010
11111000001100101111000000000000
01111000001000001011000100010100
11010001111110000010100000000000
01000000011100001110100010111101
11110000000000000010000000001010
00000000000000001011100000101001
00000000000100001111001001001110
00000000000000001111001011001110
11110010010000000110100000000001
11110000001000010000001010110100
01100000000000010000000100000001
00110000000000001111001001000000
00000000000000001111001011000100
11110110010011110110100000000000
11110110110011010101000111111110
01000100000010000111000111011010
11110000100000001111101010110000
11110010110000100000100101000001
10100000000000100000001000000000
11110111111111110111000000010001
10111111000000001011101100001011
01110100011100110111100101010011
01101110010010010110110101100101
01100101001000000111010001101001
00000000001000010110010001101110
00000000000000000100011101110000
00000001101101001111001001000000
00000001000000001111001011000010
10110001000110010111100000001001
01000010100000001111000001001111
11100000000001100110100000010010
00000010101111001111001001000000
00000010000000001111001011000010
00110011000000010110100000010011
11110010010000000110000000010011
11110010110001000001001000000000
10111111000000000000001000000000
10110001000100010110100000010011
00000011010000001111000000010011
10110010010000011101000011111010
01000111011100000110000001010001
00000001101101001111001001000000
00000001000000001111001011000010
10110001000110010111100000001001
01000010100000001111000001001111
11100000000001100110100000010010
00000010101111001111001001000000
00000010000000001111001011000010
00110011000000010110100000010011
11110010010000000110000000010011
11110010110001000001001000000000
10111111000000000000001000000000
10110001000100010110100000010011
00000011010000001111000000010011
10110010010000011101000011111010
01000111011100000110000001010001
00000000101101001111001001000000
00000000000000001111001011000010
10110001000110000111100000000000
01000000100000001111000001001111
01000111011100000110100000000000
00000001101111001111001001000000
00000001000000001111001011000010
00110000000000010110100000001000
01000111011100000110000000001000
00100000000001001111001001000000
00000000000000001111001011000100
00010000111111001111100011010000
01010010111111101111011001001111
01110010110110101111011011001101
11111010101100010100010000010001
00001001010010101111000110000001
00000001101101001111001001000000
00000001000000001111001011000010
01101000000000110111000000001010
00100001001011011010000000001000
11111001110010001111011111111111
11111000010101001111000000000000
11111000011001101111000000000000
11111001011011001111000000000000
11110000000000000010000001100100
10100000000011001111100000100111
00100010100011011010000100001101
11111010101000101111011111111111
01110100011001100110111101110011
01110010011001010111011001011111
00100000011101010010010100111010
01011111011101010111000001100011
00111010011100100110010101110110
01100110001000000111010100100101
01101000011100110110000101101100
01110010011001010111011001011111
00001010011110000010010100111010
00000000000000000000000000000000
00110000001111010011110100110001
00000000000000000000000000000000
00101110001011110010111000101110
01110011010101010010111100101110
00101111011100110111001001100101
01101110011010010110000101101101
00000000000000000110001100101110
01000110000001001011010110110000
01000110001000011010000000001000
11111001100100101111011111111111
11111111100111101111011111111111
10111111000000000100011000000101
11111111100110101111011111111111
01000010101000000001101101000000
10100000000010001101001111111010
01000000101100001110100010111101
10111010010101101111011111111111
01100101011001010110110001110011
01110101001001010010000001110000
00100000011100110110110100100000
01110010011000010111010001110011
00111110001111100010000001110100
00000000000000000000000000100000
01100101011001010110110001110011
01101110011001010010000001110000
00000000000000000000000001100100
00000001101110001111001001000000
00000001000000001111001011000010
00000010100001011111001001000001
01100000000010101010000000000001
10111010001110101111011111111111
01110100011100110110010101110100
01110100011010010110001000100000
01100101011010010110011000100000
01001111001000000110010001101100
00000000000000000000000001001011
11110111111111111011010110000000
01101000000000001111100100110111
00010000001101111111100010010000
00001111001110001111000000010001
11111000100100001101000000111010
11110000000100010001000001000010
11010000010000000000111110011000
00000110010010010111101010000001
11111000100100001101010101001000
00101001001000000001000000110101
11111000100100001101000101001111
11110000000100010001000001111010
11010000010100100000111110111010
00010000011101101111100010010000
11010101010110010000011100001001
00010000010000001111100010010000
00001111001111101111000000010001
11111000100100001101000001011111
00000111100010010001000000101110
11111000100100001101010101100011
00000111110010010001000000100000
11111000100100001101000001100111
00000110110010010001000001010110
11111000100100001101010101101011
11101010100000000000000001000110
00000110000000000000000010000000
00100000010101101101010101101101
11111001000010101111011111111111
11010001011100000010100001110110
11110111111111110010000001110110
00101000010101101111100100010010
10100000010011001101000101110011
01000000100000001110100010111101
10111001000110101111011111111111
00010000100001001111011001000100
00010001110001101111011001000100
00000000000000001111011011000000
00000001000000001111011011000000
11110111111111110010001000011001
11110110010001001111100111110111
11110110010001000001000010010001
11110110110000000001000111000110
11110110110000000000000000000000
00100010000110100000000100000000
11111001111011001111011111111111
00010000100111101111011001000100
00010001110001101111011001000100
00000000000000001111011011000000
00000001000000001111011011000000
11110111111111110010001000011011
11110110010001001111100111100001
10100000001010100001000111000110
00000001000000001111011011000000
11110111111111110010001000011100
11110110010001001111100111011001
11110110010001000001000010111001
11110110110000000001000111000110
11110110110000000000000000000000
00100010000111010000000100000000
11111001110011101111011111111111
00010000101011001111011001000100
00010001110001101111011001000100
00000000000000001111011011000000
00000001000000001111011011000000
11110111111111110010001000011110
11110110010001001111100111000011
10100000001111010001000111000110
00000001000000001111011011000000
11110111111111110010001000011111
11110110010001001111100110111011
10100000001101010001000111000110
00000001000000001111011011000000
11110111111111110010001000100000
11110110010001001111100110110011
10100000001011010001000111000110
00000001000000001111011011000000
11110111111111110010001000100001
11110110010001001111100110101011
10100000001001010001000111000110
00000001000000001111011011000000
11110111111111110010001000100010
11110110010001001111100110100011
10100000000111010001000111000110
00000001000000001111011011000000
11110111111111110010001000100011
11110110010001001111100110011011
10100000000010110001000111000110
00000001000000001111011011000000
11110111111111110010001000100100
11110110010001001111100110010011
10100000000011000001000111000110
00000001000000001111011011000000
11110111111111110010001000100101
10111111000000001111100110001011
01101001011001000111001101101001
00101000011101000110100101100111
00101001001001110011010100100111
00000000000000000000000000000000
00111101001001110111011000100111
01101100011011110111010000111101
01110010011001010111011101101111
00100111010101100010011100101000
00000000000000000000000000101001
00111101001001110101011000100111
01110101011011110111010000111101
01110010011001010111000001110000
00100111011101100010011100101000
00000000000000000000000000101001
01110100011100110110010101110100
01111001011101000110001100100000
01001111001000000110010101110000
00000000000000000010000101001011
01100100011110000111001101101001
01110100011010010110011101101001
00100111010001100010011100101000
00000000000000000000000000101001
01110000011101010111001101101001
00101000011100100110010101110000
00101001001001110101011000100111
00000000000000000000000000000000
01110000011100110111001101101001
00101000011001010110001101100001
00101001001001110010000000100111
00000000000000000000000000000000
01110101011100000111001101101001
00101000011101000110001101101110
00101001001001110010111000100111
00000000000000000000000000000000
01110010011100000111001101101001
00101000011101000110111001101001
00101001001001110100000000100111
00000000000000000000000000000000
11110010010000001011010110110000
11110010010010110000010011000100
11110010110000100111000011010001
11110110110000110000010000000000
01100000001000000101000011111001
01010000000010001111001000001111
11111001000110101111011111111111
01010000011110001111000001001111
11110010000011110110000000100000
11110111111111110101000000001100
01101000001000001111100100010011
11111111100000001111000000000000
00000101110000001111001001000000
01010001000111011111001001000000
00000101000000001111001011000010
01110001101110011111011011000011
11110000000000100110000000101000
00101000000000001111110101001011
10000001100101101111000000000000
01010000000001001111001000001111
11111000111111101111011111111111
11110000000000000110100000100000
11110010010001011111111111111001
11110110110000110101000111110000
01100000001010000110000100000000
11111101001110101111000000000010
11110000000000000010100000000000
11110010000011111000000110001101
11110111111111110101000000001100
01101000001000001111100011101101
11111001110011001111000000000001
01010001110101011111011001001010
01010001111111101111011011000011
11110000000000100110000000101000
00101000000000001111110100101001
10000001100001001111000000000000
01010000000100001111001000001111
11111000110111001111011111111111
11110110010000100110100000100000
11110110110000110000000100100100
11110000000000010111000110011110
11110110010001111111100001100101
11110110110000110011000111111011
01100000001010000101000111001110
11111101000101001111000000000010
11110000000000000010100000000000
11110110010001001000000101110111
11110110110000000010000010011111
11110111111111110000000000000000
01101000001000001111100011000101
11111010100111101111000000000001
11110110110000110010000110101011
01100000001010000111000101111110
11111101000000101111000000000010
11110000000000000010100000000000
11110110010001001000000101110000
11110110110000000011000011000101
11110111111111110000000000000000
01101000001000001111100010110011
11111011010010101111000000000001
11110110110000110010000101010101
01100000001010000111000110000001
11111100111100001111000000000010
11110000000000000010100000000000
11110110010001001000000101101001
11110110110000000011000010001100
11110111111111110000000000000000
01101000001000001111100010100001
11111001100010101111000000000010
01010001011101111111001001000101
01010001111111111111011011000011
11110000000000100110000000101000
00101000000000001111110011011101
10000001011000011111000000000000
00110000100111111111011001000100
00000000000000001111011011000000
11111000100011101111011111111111
11110000000000100110100000100000
11110010010001011111101000111011
11110110110000110101000101100110
01100000001010000110000100000000
11111100110010101111000000000010
11110000000000000010100000000000
11110110010001001000000101011001
11110110110000000011000001111001
11110111111111110000000000000000
01101000001000001111100001111011
11111010110011101111000000000010
00110001101111011111011001001010
01100001000000001111011011000011
11110000000000100110000000101000
00101000000000001111110010110111
10000001010100011111000000000000
00110000000000111111011001000100
00000000000000001111011011000000
11111000011010001111011111111111
11110000000000100110100000100000
11110110010010101111101101110101
11110110110000110100000111001001
01100000001010000101000111111110
11111100101001001111000000000010
11110000000000000010100000000000
11110110010001001000000101001001
11110110110000000010000011011011
11110111111111110000000000000000
01101000001000001111100001010101
11111011001101001111000000000001
00110001000000101111011001000000
01110001100100011111011011000011
11110000000000100110000000101000
00101000000000001111110010010001
10000001010000011111000000000000
00110000000101101111011001000100
00000000000000001111011011000000
11111000010000101111011111111111
00100001000110010110100000100000
11111100010011101111000000000001
01000001100101011111000001001111
11110000000000100110000000101000
00101000000000001111110001111111
10000001001110101111000000000000
00110000001010011111011001000100
00000000000000001111011011000000
11111000001100001111011111111111
11110000000000010110100000100000
01100000001010001111110101000001
11111011110111001111000000000010
11110110010001000100011000000010
11110110110000000011000011101111
01000110000010110000000000000000
11111111010100001111011111111110
11110010010000010110100000101000
11110010110011000101000110010010
11110000000000100000000100000101
00101000000000001111110001100001
10000001001001111111000000000000
00100000110010001111011001000100
00000000000000001111011011000000
11111000000100101111011111111111
11110000000000010110100000100000
11110010010000111111110001001001
11110110110010110000000111101000
01100000001010000111000101100111
11111100010011101111000000000010
11110000000000000010100000000000
11110110010001001000000100011111
11110110110000000010000010001010
11110111111111100000000000000000
01101000001000001111111111111111
11110000000000010100011000000001
11110010010001101111110111010111
11110110110000110111000100101010
01100000001010000111000101000101
11111100001110101111000000000010
11110000000000000010100000000000
11110110010001001000000100010110
11110110110000000011000001100110
11110111111111100000000000000000
01101000001000001111111111101011
11111010001010001111000000000010
01000001111100111111001001000000
01100001101101011111011011000011
11110000000000100110000000101000
00101000000000001111110000100111
10000001000011101111000000000000
00110000010100101111011001000100
00000000000000001111011011000000
11111111110110001111011111111110
11110000000000010110100000100000
01100000001010001111100101110101
11111011100001001111000000000010
11110110010001000100011000000010
11110110110000000011000011101111
01000110000010110000000000000000
11111110111110001111011111111110
11110000010011110110100000101000
11110000000000100101000101111110
00101000000000001111110000001011
10000000111111011111000000000000
00100000111011111111011001000100
00000000000000001111011011000000
11111111101111001111011111111110
11110000001000000110100000100000
01100000001010000100000000000000
11111011011010001111000000000010
11110110010001000100011000000010
11110110110000000011000011101111
01000110000010110000000000000000
11111110110111001111011111111110
11110000010011110110100000101000
11110000000000100101000101111000
00101000000000001111101111101111
10000000111011001111000000000000
00110000001111101111011001000100
00000000000000001111011011000000
11111111101000001111011111111110
11110000000000010110100000100000
01100000001010001111101100111001
11111011010011001111000000000010
11110110010001000100011000000010
11110110110000000011000011101111
01000110000010110000000000000000
11111110110000001111011111111110
00100001000000000110100000101000
11111011110101001111000000000010
11110000000000000010100000000000
11110110010001001000000011011100
11110110110000000011000010110001
11110111111111100000000000000000
01101000001000001111111110000101
00000001000110011111001001001001
01000001101111011111011011000011
11111011010110001111000000000001
01110001000001101111011001000101
01000001000110001111011011000011
11110000000000100110000000101000
00101000000000001111101110111101
10000000110100001111000000000000
00100000101101001111011001000100
00000000000000001111011011000000
01000000101100001110100010111101
10111111011011001111011111111110
00110001110101111111011001000100
11110110110000001010000001110000
00100010000101000000000100000000
11111111011110101111011111111110
00110001110101111111011001000100
11110110110000001010000001110110
00100010000110000000000100000000
11111111011100101111011111111110
00110001110101111111011001000100
11110110110000001010000001111100
00100010000111000000000100000000
11111111011010101111011111111110
01000000000101101111011001000100
00110001110101111111011001000100
00000000000000001111011011000000
00000001000000001111011011000000
11110111111111100010001000100000
11110110010001001111111101011111
11110110010001000100000000111011
11110110110000000011000111010111
11110110110000000000000000000000
00100010001001000000000100000000
11111111010101001111011111111110
01000000011011111111011001000100
00110001110101111111011001000100
00000000000000001111011011000000
00000001000000001111011011000000
11110111111111100010001000101000
11110110010001001111111101001001
11110110010001000100000010000000
11110110110000000011000111010111
11110110110000000000000000000000
00100010001011000000000100000000
11111111001111101111011111111110
01000000111000101111011001000100
00110001110101111111011001000100
00000000000000001111011011000000
00000001000000001111011011000000
11110111111111100010001000110000
11110110010001001111111100110011
11110110010001000100000001001101
11110110110000000011000111010111
11110110110000000000000000000000
00100010001101000000000100000000
11111111001010001111011111111110
01000000111101001111011001000100
00110001110101111111011001000100
00000000000000001111011011000000
00000001000000001111011011000000
11110111111111100010001000111000
11110110010001001111111100011101
11110110010001000100000001011110
11110110110000000011000111010111
11110110110000000000000000000000
00100010001111000000000100000000
11111111000100101111011111111110
01000000000001101111011001000100
00110001110101111111011001000100
00000000000000001111011011000000
00000001000000001111011011000000
11110111111111100010001001000000
11110110010001001111111100000111
11110110010001000100000010011101
11110110110000000011000111010111
11110110110000000000000000000000
00100010010001010000000100000000
11111110111111001111011111111110
01000000110000011111011001000100
00110001110101111111011001000100
00000000000000001111011011000000
00000001000000001111011011000000
11110111111111100010001001001001
11110110010001001111111011110001
11110110010001000100000011010000
11110110110000000011000111010111
11110110110000000000000000000000
00100010010011010000000100000000
11111110111001101111011111111110
01000000101011111111011001000100
00110001110101111111011001000100
00000000000000001111011011000000
00000001000000001111011011000000
11110111111111100010001001010001
11110110010001001111111011011011
11110110010001000011000011111100
11110110110000000011000111010111
11110110110000000000000000000000
00100010010101100000000100000000
11111110110100001111011111111110
01000000100100011111011001000100
00110001110101111111011001000100
00000000000000001111011011000000
00000001000000001111011011000000
11110111111111100010001001011011
11110110010001001111111011000101
11110110010001000011000011110010
11110110110000000011000111010111
11110110110000000000000000000000
00100010011000000000000100000000
11111110101110101111011111111110
01000000001010001111011001000100
00110001110101111111011001000100
00000000000000001111011011000000
00000001000000001111011011000000
11110111111111100010001001100100
10111111000000001111111010101111
01110100011100110110010101110100
01101111011011000110011000100000
00101010001000000111010001100001
00000000010010110100111100100000
01110100011100110110010101110100
01101111011011000110011000100000
00101111001000000111010001100001
00000000010010110100111100100000
00111101011000110101111101100110
00110100001011100011000100111101
00110110001101000011010100110100
01100110001101000011010100111000
00000000000000000000000000000000
01110100011100110110010101110100
01101111011011000110011000100000
01100001001000000111010001100001
01100110011100110110111101100011
00000000010010110100111100100000
00111101011000110101111101100110
00110001001011100011000000111101
00110010001100110011010100110010
00110110001100100011100000110111
00000000000000000000000001100110
01110100011100110110010101110100
01101111011011000110011000100000
01100001001000000111010001100001
01100110011011100110100101110011
00000000010010110100111100100000
00111101011000110101111101100110
00110001001011100011000000111101
00110101001100110011010000110010
00110110001110010011100100110100
00000000000000000000000001100110
01110100011100110110010101110100
01101111011011000110011000100000
01100001001000000111010001100001
01100110011011100110000101110100
00000000010010110100111100100000
00001100010000001110101001011111
11110000100100011011111100001000
11101010010011110000111100000000
11101010010011110010001110001100
11101010010000110010001011000001
11101010010011110101000101010001
10111111000110000101000000011100
01000000111100001111010100000000
00000000001100001110101001001111
11110000010000011011111100011000
11101010010111110100000100000000
11110000000000000101110001101100
11110001101111001000000000101001
10111111000010000011111111111111
01000000100000001111000001000000
00001100000100110100011101110000
00000100000100101011111100000110
00001100000100001111000001001111
00001100000000001111000001001111
10111111000001000000111000010011
11110001000011000000001000010010
00001111000100110000110000001000
00000001000100101011111100000100
00001100000001001111000100001100
10111111000001000000111110010011
11110001000011000000000010010010
00001111110100110000110000000010
00000000010100101011111100000100
00001100000000011111000100001100
11110000010011110100011000010001
11110001101000000000001000000000
11101011101000000000000000011111
01000111011100000000000000001100
01001111000000001111000000010001
01000111011100001011111100001000
01000001000000001111000000110001
10101111110101011111010000111111
10111111000001100000110000001011
11110000010011110000010000001001
11110000010011110000110000010000
00001110000010110000110000000000
00000010000010011011111100000100
00001100000010001111000100001100
10111111000001000000111100001011
11110001000011000000000100001001
00001111100010110000110000000100
00000000100010011011111100000100
00001100000000101111000100001100
10111111000001000000111111001011
11110001000011000000000001001001
11110001110011000000110000000001
11111010001000100000001100100000
11101010010000011111001100000011
11111010000000100000000100000011
11101011101000001111001000001100
11110001000000000000000000001100
01000111011100000000000000000001
01000111011111111111000000100011
01001100011111111111000000100000
00000000000000111110101010000000
01000000000000001111000000000000
00000011000001111110101110101100
01010011011111001111010100000011
00000011111111111111000100000011
01001001100000001110100100101101
11101010010011111011010000001001
11101010001001000100001100010100
11101010010011110100100000000011
11101010001001010100101100010101
11110010000011110100111000001011
11101011000001100010011000000100
01111000001111100010011100010011
01100111000001101111101100000011
00000111000000001111010111000111
11110110000001101111101100000111
01000110110101101110101001001111
00000110000000101111000100000110
00110111010101001110101001001111
01101100000001101111101100000111
01011100000000001111000111001100
01000111000111001110101001001111
01001100000001111110101000101100
11110101000001101111101100001100
11110100000001101111101100000111
01000110000101011110101100000100
00010110100101101110101001001111
11101010010111110000100001001001
10111111001101000000001000110010
11110000010011110010000000000000
11101010010011110100000000000000
11111011000001100011011111010001
11101010010011111111110000000111
11111011000011000100110000011100
00011011110100101111011100001011
11110111000011001111101100000011
00000001000001111110101101100001
11110111000011101111101100001100
01000000000001111110101110110000
01000010000101111110101101110010
11110111000010001111101100001100
11101011101000101011111100110100
11101011101100100100001000000111
11101011011000010100001000000111
11101010010011110100000100010111
11101010010011110100010000001100
11111011000001100000011110010001
11101010010011111111110000000111
11111011000011000100110000011100
11101011101100001111011100001011
11101011011100100100000011000111
11111011000000110011001001010111
10111111001101001111011100001100
01000010110001111110101110100010
01000010110001111110101110110010
00110001010101111110101101100001
11110111000011101111101100001100
00000000110001111110101110110000
01110010010101111110101101110010
11110111000010001111101100001100
11101011101000101011111100110100
11101011101100100000001011000111
11101011011000010000001011000111
11101010010011110111000101010111
11101010010000010110000110000001
11101010010011110001000110010010
11101010010000100110001010000010
11101010010011110001001010010000
11101011000001000110000010000000
10011111000000110000010011001100
00110111110100011110101001001111
11111100000001111111101100000110
01001100000111001110101001001111
11110111000010111111101100001100
11111011000000110001101111010010
11101011011000011111011100001100
11111011000011000000000100000111
11101011101100001111011100001110
11101011011100100100000000000111
11111011000011000100001000010111
10111111001101001111011100001000
01000010000001111110101110100010
01000010000001111110101110110010
01000001000101111110101101100001
01010101100011001110101001001111
00100100100111001110101100000100
00000111100100011110101001001111
11111100000001111111101100000110
01001100000111001110101001001111
11110111000010111111101100001100
01000000110001111110101110110000
00110010010101111110101101110010
11110111000011001111101100000011
11101011101000101011111100110100
11101011101100100100001011000111
11101011011000010100001011000111
11111011000011000011000101010111
11101011101100001111011100001110
11101011011100100000000011000111
11111011000011000111001001010111
10111111001101001111011100001000
00000010110001111110101110100010
00000010110001111110101110110010
01110001010101111110101101100001
01100001100000011110101001001111
00010001100100101110101001000001
01100010100000101110101001001111
00010010100100001110101001000010
01100000100000001110101001001111
00100101010011001110101100010101
00000100000000001111000101000100
00110111110100011110101001001111
11111100000001111111101100000110
01001100000111001110101001001111
11110111000010111111101100001100
11111011000000110001101111010010
11101011011000011111011100001100
11111011000011000000000100000111
11101011101100001111011100001110
11101011011100100100000000000111
11111011000011000100001000010111
10111111001101001111011100001000
01000010000001111110101110100010
01000010000001111110101110110010
01000001000101111110101101100001
00110001100000011110101001001111
01000001100100101110101001000001
00110010100000101110101001001111
01000010100100001110101001000010
00110000100000001110101001001111
01110110000011001110101001001111
00010101000111001110101100010101
00000100000000001111000101000100
01000011000000111110101001001000
01001000000010111110101001001110
00001110000000001111000001001111
00001100000010001110101110110010
00000111000000111110101101110001
01000110011000101011111100100100
11101011010011100100011000111001
11110000010011110000111000001110
00011000000000000000101100000000
01000001010010010100000101010010
00001011000010111110101101001011
00001100000010001110101110110010
00000111000000111110101101110001
00001011000000001111000101111011
01000110011000101011111100100100
11101011010011100100011000111001
11110000010011110000111000001110
00011000000000000000101100000000
01000001010010010100000101010010
00001011000010111110101101001011
00001100000010001110101110110010
00000111000000111110101101110001
00001011000000001111000101111011
01000110011000101011111100100100
11101011010011100100011000111001
11101010010100010000111000001110
10111111000110000000011100000010
00000110000000011111000001000110
01110110000011101110101100010110
00000010000000001111000101010101
00000001000000001111000101010100
11101000101111011101010100000011
11101000101111010000000110001001
11101000101111011000100000000000
11101000101111010000000110001001
00011001101101100100100000000000
11101011010000010100000101010010
11110001101000110000000100000001
01000111011100000000001100000001
01111110011111111000000010000000
01111010011110110111110001111101
01110110011101110111100001111001
01110011011101000111010101110110
01110000011100010111000101110010
01101101011011100110111001101111
01101010011010110110110001101100
01101000011010000110100101101010
01100101011001100110011001100111
01100011011000110110010001100100
01100000011000010110000101100010
01011110010111110101111101100000
01011100010111010101110101011110
01011010010110110101101101011100
01011000010110010101100101011010
01010110010101110101011101011000
01010101010101010101010101010110
01010011010100110101010001010100
01010001010100100101001001010010
01010000010100000101000001010001
01001110010011110100111101001111
01001101010011010100110101001110
01001011010011000100110001001100
01001010010010100100101101001011
01001001010010010100100101001010
01000111010010000100100001001000
01000110010001110100011101000111
01000101010001010100011001000110
01000100010001000100010001000101
01000011010000110100001101000100
01000010010000100100001001000011
01000001010000010100000101000010
00101011000000000100011010011100
00000000011101111101010000110000
11101010010011111101000000101011
10110101000111000000011100110111
11110000010011111011010000000011
11110000010011110000000000010000
11110001101110100000000100010000
11010000000001100000111100000000
00001111000000001111000110111100
11110000010000001011111111011100
11110000010000000000000000001000
11110000010011110000000100001000
10111100000011110000000000000000
01000000000100001110100010111101
00001011000000011111000100001011
00001111000000011111000110111011
11101010010111111011111100001000
10111111001000100000011100010111
00000010000000011111000100010010
00000001000000011111000100010001
01000001000000001111000001001111
00000011000000001111000101000011
01000000000000001111000000000000
00000000000000001110101001000011
11010011111110010100011101110000
11100111110100000000100001010111
01000110000001101110101001000110
01000110000101101110101001001111
00001111010000001111000100010011
11110001000100111101110100011111
10111111110111110000111100100000
01000110000010100100001100010110
00110011001000000010000100000000
11010000101111100100001001011011
00000111001000001111000111000011
01000110000001101110101001000110
01000110000101101110101001001111
11110111000001111111101000000010
00000110000001111110101001000110
11110010000000111111101000100010
00000111001000001111000111000011
11110111000001111111101000000001
00000010000001111110101001000010
11110001000000111111101000100001
00000011000000001111000001001111
11101010010001101110011110100111
11101010010001100000011000000010
11101010010011110100011000000110
11101010010001100100011000010110
10111111101111000000011000000001
01000110000001101110101001000110
11110000010011110000110000110110
11110000010011110000001100000000
11110000010011110000001000000000
11100111100101000000000100000000
01001100100000001110100100101101
01000110100110101011010001110000
11101000100100010100011010010011
11001000000001110000000000111000
00001100010000001110101000110001
11101010001101001011111101001000
11010101000000110000110001000011
11111101111001101111011111111111
11111111100000001111011111111111
11101000101111011011110011110000
11101001001011011000110000000000
10110100011100000100110010000000
01000110100100110100011010011010
00000000001110001110100010010001
11110000000100001100100000000111
10111111000010000100111110000000
01001111100000001111000000010011
11110000000000001101000100000011
11110111111111111111100000000101
10111100111100001111111101101011
10001100000000001110100010111101
01000111011111111111000000100000
01001100011111111111000000100011
00000000000000111110101010000000
01000000000000001111000000000000
00000011000011001110101100000111
01010011011111001111010110100011
00000011111111101111000110100011
00001111000000001111000010010010
10000000101100111111000000000000
00001111000000001111000010010101
10000000011101111111000000000000
01001001000000011110100100101101
01000000000100011110101001001111
01001000000000001110101000100001
01000110000101001110101001001111
01000111000001101110101000100100
11111100000001101111101100000000
11110110000001101111101100001000
11111000000010001111101100000111
01001000000001101110101100011000
01001100000101101110101101001100
11110111000001111111101100000000
01001000000001111110101100011000
01000000000101111110101101001100
01001011000100101110101001001111
01001110000010111110101000100010
01000110000101011110101001001111
01000111000001101110101000100101
11111100000001101111101100001011
11110110000001101111101100001110
11111110000011101111101100000111
01001110000001101110101100011110
01001100000101101110101101001100
11110111000001111111101100001011
01001110000001111110101100011110
01001011000101111110101101001100
00001000000010111110101100011000
00000000000000001111000101000000
00001011000011101110101100011000
00001000000000001110101101011000
00000000000000001111000101000000
11110000010011110001101010001111
11110000010011110000000100000000
10111111001111000000011000000000
00011011011001100100001111001001
11101011101101011011111100010100
00100001000000000000110000000100
01000011110010011011111100111100
11101010010011110001101111110110
11101010001001110100010000010111
11101010010011110100010100000100
11101010001011000100011100011100
11111011000001000100110000000111
11111011000001010110001000000111
11111011000011001111011100000111
11101011000101101111011000000101
11101011010000100100011000000111
11111011000001000100001000010111
11101011000101101111110000001100
11101011010000100100011000001100
11101011000110110100001000011100
11101011010110000000011000000110
01000001010000010000001000000010
00001110100011101110101001001110
00000110100111101110101001000110
11101000101111011101010100000001
00011001101101101000100100000001
11101011010000010100000101010010
11110001101000110000000100000001
11101000101111010000001100000001
11101010010011111000100100000001
11101010001001000100010100010100
11101010010011110100011000000101
11101010001000010100011100010001
11111011000001010100110000000111
11111011000001101111010000000111
11111011000011001111011100000111
11101011000100011111000100000110
11101011010001000100000100000111
11111011000001010100010000010111
11101011000100011111110000001100
11101011010001000100000100001100
11101010010011110100010000011100
11101010001000100100011100010010
11111011000001010100110000000111
11111011000001101111001000000111
11111011000011001111011100000111
11101011000101101111011000000110
11101011010000100100011000000111
11111011000001010100001000010111
11101011000101101111110000001100
11101011010000100100011000001100
00011000011010100100010100011100
00000001000000001111000101010100
01000111011100001011111101001000
01000001010100100001100110110110
00000001000000011110101101000001
00000011000000011111000110100011
11110000100101010100011101110000
11010000001101110000111100000000
01000010000100011110101001001111
01000110000000101110101000100001
01000111000101001110101001001111
01001100000001111110101000100100
11110001000001111111101100000010
11110111000001111111101100000110
11110100000001101111101100001100
01000100000001111110101100010100
01000001000101111110101101000001
11111100000011001111101100000010
01000100000011001110101100010100
01000001000111001110101101000001
01000111000101011110101001001111
01001100000001111110101000100101
11110101000001111111101100000010
11110111000001111111101100000110
11110110000001101111101100001100
01000110000001111110101100010110
01000101000101111110101101000101
11111100000011001111101100000010
01000110000011001110101100010110
01000010000111001110101101000101
11110001010100010001100100010010
10111111010010000000000100000000
00011001101101100100011101110000
11101011010000010100000101010010
11110001101000110000000100000001
01000111011100000000001100000001
01000101000101001110101001001111
01000110000001011110101000100100
01000111000100011110101001001111
01001100000001111110101000100001
11110001000001111111101100000101
11110111000001111111101100000110
11110010000001101111101100001100
01000010000001111110101100010010
01000001000101111110101101000001
11111100000011001111101100000101
01000010000011001110101100010010
01000001000111001110101101010001
00000110000000001111000001001111
01000111011100001011111101001000
11101011010000010001100010010010
11110001101000110000000100000001
01000111011100000000001100000001
11101010010100000000000001001001
10111111000110000010000011000001
00001101010010100010000000000100
11110000010000001011111100011000
11110010010000000000000000000001
11101011101100100111001011111111
10111111000010000101111101010001
00000000000000101111000001000000
10111111000010000010100000000001
01000111011100000010000000000101
00000010000010000000000001000001
00100000000001001011111100011000
10111111000110000000111000001010
00000000000000011111000001000000
01000010011111111111000001001111
00000001000000011110101000110010
11110000010000001011111100001000
00101000000000010000000000000010
00100000000001011011111100001000
00100001000000000100011101110000
01010000011111101111000001001111
10111110110101001111000000000001
11110000000000100010000100000001
11110000000000011011101101010100
00100001000000001011111000110001
11110000000000010100011000001000
00100001011000011011111011001011
01000000111000001111000001001111
10111011010010011111000000000010
00000001010111101111000001101111
11110000000000100000011100001000
00000000000000001011101101000100
01001101111100001110100100101101
01000110000101000100011000001101
01000001011111111111000001001111
00001111010001001110101110110001
11110000010011111011111110011110
01100000001010010011000111111111
10001101111100001110100010111101
01000000000000001111000001001111
00100001000001001110101001000000
01010000110001111111001111000100
11110000000100000011100001111000
01001011010010100000001000011111
00011100011000001110101001001111
00000110001000001111000111000010
11110011110001000100010001111011
11110001101000000101000011000111
11101010010011110000000001111000
11101011000000110001000001100000
11111000010100110000000010000000
10111111000010000011000000101100
11000110000000011110100111010000
11111000110100001101000000010010
01000000100100111100000000000100
11110111000001101111101000101100
01101000100001110100001100111011
11111100000000101111101000001100
11111000000001101111101000100111
11111010000001110110100011000000
01000000111100001111001000000010
00001100000010001110101001001100
00000110000000001110101001000010
00110010000000011111101110100011
11000000000000011111101110101100
01100001000000011111101110100110
00000110000011001110101100000001
10111111001101000100001010001110
00001100000000011111000001001111
00001100000000001111000001001111
01000100011000010001100011000001
00001111000000001111000110111100
01000010100000011101000000000010
11100000000000111101100100000010
11010010000000010100001010000001
11100000000000000010000000000001
01000100000100000010000000000000
00000010001000001111000100000000
00011000100100101110101001001111
00001100110010100000011010000000
00110000010000101110101001000000
11111000110001010000001101001111
11110000000000011000000000000000
01000110100000101111111110010101
11110000000000010100011000111000
11110000011011111111111110101001
11110000000000100000000100010010
01000110000001111111101011010100
11110000000000010100011000110000
11110000011011111111111110100001
11110000000000100000000100100101
01000110100000111111101011001100
01000110010100000100011000111001
11111101101001101111000000000001
11110000000000010100011001011001
11110101000000001111110110100011
11110011011011110110011000000000
01000110010100010000011000001011
11110000000000100100011000110000
01000110001110011111101000010011
11111010000100001111000000000010
11110000000000100100011001011001
01001001000100001111100101111011
11111000000000001111000000000010
01001001000011110100011000000111
11110000000000010100011000110000
01000110001110011111111111111011
11111101100010101111000000000001
01001001000011000100011000000111
11110000000000010100011000110000
01000110001110011111111111110011
11111101100000101111000000000001
01001111000000001111000000010100
11101000101111011011111100001000
11110001110010001000110111110000
11110000100000000101000110000000
01100000001010010100000000000000
10001101111100001110100010111101
00000000000000000010100011100000
00101111110010010000111111011011
00101001111111011010101000100010
00101111110010010000000000000000
01000001111100001110100100101101
11110000010011110100011000000100
11101011000000000100000000011010
11110001101100000000000001000100
01000110001000000101111111001000
11110000010011111101100001010101
11101011101100010100000111111100
11010010000111000000111101000100
01000000000000001111000000100100
01010001011111101111000001001111
11111001001111101111000000000010
00110001111111111111000001001111
11111010011101011111000000000010
11110000000000010100011000000101
11110000000101001111101110110011
10111111000111010100111100000000
01001110001011010100111100101100
01000000000000001111000010000000
10111111000010000010011100000000
11110000010011110100011000111110
11110000000000010100000101000000
01000110000001001111111110110001
01001111001010001110000000000101
01000110000000010100111000101000
11111111101010101111000000000001
01001001001001110100011000000101
11110000000000010100011000101000
01001001001001101111111110100101
11111101001101001111000000000001
11110000000000010100011000101001
01001001001001001111111110011111
11111101001011101111000000000001
11110000000000010100011000101001
01001001001000101111111110011001
11111101001010001111000000000001
11110000000000010100011000101001
01001001001000001111111110010011
11111101001000101111000000000001
01000110001010010100011010000000
11110000000000010100011000100000
01000110010000011111111110001011
11111111100010001111000000000001
01000110001100010100011000000101
11110000000000100100011000100000
01000110001010011111100011111011
11111001100010101111000000000010
11101000101111010100011000111001
11110000000000010100000111110000
11110000010011111011110100001101
11101011101100010100000111001100
10111111100001000000111101000100
11101000101111010100100000010010
11110000010011111000000111110000
11101011101100010100000101111111
11010010000000110000111101000100
01000001111100001110100010111101
10111110110001101111011111111111
11110111111111100010000000000001
11101000101111011111100101111110
11110111111111110100000111110000
00000000000000001011111011000100
01000000010010010000000000000000
00111010011111011010101000100010
00111111110010010000000000000000
00111001111111011010101000100010
00111101000111001111111000100100
00111100110110001000101011000111
00111101001110000110011100011110
00111101100110011001001100011011
00111110001010101010101010101111
00111111110010010000111111011011
01000001111100001110100100101101
11110000010011110100011000000100
11101011000000000100000000001110
11110001101100000000000001000100
01000110001000000110111101010000
11110000010011111101100001010101
11101011101100010100000111111100
11010010000111000000111101000100
01000000000000001111000000100100
01010001011111101111000001001111
11111000101100001111000000000010
00110001111111111111000001001111
11111001111001111111000000000010
11110000000000010100011000000101
11110000000101001111101100100101
10111111000111010100111100000000
01001110001100000100111100101111
01000000000000001111000010000000
10111111000010000100111100101111
11110000010011110100111000101111
11110000000000010100000101000000
01000110000001001111111100100011
00100111000000001110000000000101
01000110000000010100011000111110
11111111000111001111000000000001
01001001001010100100011000000101
11110000000000010100011000101000
01001001001010011111111100010111
11111100101001101111000000000001
11110000000000010100011000101001
01001001001001111111111100010001
11111100101000001111000000000001
11110000000000010100011000101001
01001001001001011111111100001011
11111100100110101111000000000001
11110000000000010100011000101001
01001001001000111111111100000101
11111100100101001111000000000001
01000110001010010100011010000000
11110000000000010100011000100000
01000110010000011111111011111101
11111110111110101111000000000001
01000110001100010100011000000101
11110000000000010100011000100000
01000110001010011111110010000111
11111100100001001111000000000001
11101000101111010100011000111001
11110000000000010100000111110000
11110000010011111011110001111111
11101011101100010100000111100100
11011001000010000000111101000100
11111110001010101111011111111111
10111111000010000010100000000100
11111110010011001111011111111111
11101000101111010100011000100000
11110000010011111000000111110000
11101011101100010100000101111111
11010010000000110000111101000100
01000001111100001110100010111101
10111110001100101111011111111111
11110111111111100010000000000001
11101000101111011111100011101010
11110111111111110100000111110000
00000000000000001011111000110000
10111111110010010000000000000000
10111001111111011010101000100010
00111111110010010000000000000000
00111001111111011010101000100010
00111101000111001111111000100100
00111100110110001000101011000111
00111101001110000110011100011110
00111101100110011001001100011011
00111110001010101010101010101111
01000111111100001110100100101101
01000010011010001111000001001111
00000011010000001110101100000010
01000110000001010100011000001100
01001111011001011111000110110011
11101011000000101011111100111100
11110001101100100000001001000001
11110000100000000100111101100101
10111111000000001000000011001101
01010010110001111111001111000000
01010011110001111111001111000001
00101010000110110001101011010010
11110000000100001101110100000110
10111111000101000100111100000000
01001000100010000100100010000111
10000111111100001110100010111101
00001111000110101111000100010010
11110000000100011101101000101111
11010000000001100100111100000000
01001111000000001111000000010000
01001000100000111011111100001100
11101000101111010100100010000011
01000110001000011000011111110000
11110000000000010100011000101000
01000110000001101111110010111011
11111101110011001111011111111111
10111111000010000010100000000100
11111101111011101111011111111111
11110111111111110100011000101000
01000110000001011111110111000101
11110111111111110100011000100000
01000110000001001111110111000001
11110111111111110100011000110000
00101101000001001111110110111101
00101101000001011011111100011000
00101100000001001101000100001000
00101100000001011011111100011000
00101000000000001101000100000100
00100000000000101011111100000100
11111000100000111111011111111110
11101000101111010100011000110000
00000000010000101000011111110000
00001111010000011110101110110010
11110000000100001101100100100101
10111111000110010100111100000000
01001110011011010100111101101100
01001110011011100100111101101101
11110000100001010100011000100010
01000110000101010100010000000000
11110000100000000100011000001010
01000110000100000100000100000000
00000000010100100001101000001010
01111111100000001111000110110010
01000000010010001101001000111110
11111000110111110100100101100111
11110000000100001010000110100000
11010000000110000100111100000000
01001000001111111111000001001111
11110000000000100100011000111000
01000110000001111111100001001111
01000110001100000100011001010001
11111000010010101111000000000010
11110000000100011110000000010111
10111111000001000100111100000000
01000110001101110010011000000000
11110000000100001101000011100010
10111111000110010100111100000000
01001110010111010100111101011100
01001110010111100100111101011101
11110000010011111110011111011010
01000110001110000101100001111100
11111011101111101111000000000001
01000110010100010100011000000111
11110000000000010100011000110000
01000110000001101111101110111001
01000110001010000100011001000001
11111110001000101111000000000001
11110000000000010100011000100001
01000110100000101111101110110001
01000110010000000100011000100001
11111110000110101111000000000001
11110000000000010100011000101001
01000110010100011111111110001111
11111100010001001111000000000001
11100000000001000100011000000100
01000110001010000100011000100001
11111100001111101111000000000001
01000110000000010100011000000100
11111110000010101111000000000001
01001001010010100100011010000000
11111110000001101111000000000001
11110000000000010100100101001001
01000110010000011111101110010101
11111110000000001111000000000001
11110000000000010100100101000111
01000110010000011111101110001111
11111101111110101111000000000001
11110000000000010100100101000101
01000110010000011111101110001001
11111101111101001111000000000001
11110000000000010100100101000011
01000110000001011111101110000011
01000110001000000100011001000001
11111101111011001111000000000001
11110000000000010100011000101001
01000110001100011111110111101001
11111011011110001111000000000001
11110000000000010100011000100001
01000110001110011111101101110101
01000111111100001110100010111101
10111011011100001111000000000001
01000010011111111111000001001111
00001111010000001110101110110010
11101011101100101011111100101000
11010010000000110000111101000001
01000111111100001110100010111101
10111101001100011111011111111111
00000011000000011110101001000000
10111111000010000000000001011011
01000001111111111111000001000100
11101011101100101101000000001010
10111111000010000000111101000000
00001111010000011110101110110010
11110000001001011101000100000110
11110000001001000100000010000000
01000110000001010100000110000000
11100111000100110100011000001100
00001111010000001110101110110010
11101010010111111011111100010010
11110000010001010000001101000001
11110000000001000100000011111111
11110100001111110100000100000000
11101011101100101010111100001001
10111111000100100000111101000001
00000010010000001110101001011111
01000000000000001111000000000101
01000001111111111111000001000100
10101110111111101111010000111111
11101010100100100000000001001010
11110101001111110000001101000000
00101010000000001010111011111001
11110000010011111011111110101100
11110000010011110100011010011111
01000110001100010101011000111110
11111101100110101111000000000001
01000110001100010100011000000101
11110000000000010100011000100000
01000110000001001111110110010101
01000110001000010100011000101000
00000000000000001110011011100110
10111111110010010000111111011011
00111111110010010000111111011011
01000000010010010000111111011011
11000000010010010000111111011011
10111111110010010000000000000000
10111001111111011010101000100010
00111111110010010000000000000000
00111001111111011010101000100010
00111110111011010110000000000000
00110111110011100000101011000011
11000000010010010000000000000000
10111010011111011010101000100010
01000000010010010000000000000000
00111010011111011010101000100010
10111101011001011010110100101101
00111101110101011011100010001111
10111110000100011011010100001111
00111110010011001100100001100001
10111110101010101010101010101000
01000001111100001110100100101101
01000110000001000100011000000101
01000000000011101111000001001111
00000000010001001110101100000000
01011111000101001111000110110000
11110000010011111101001001110110
11101011101100000100000011111110
10111111001001000000111101000100
01000110001101110010011000000000
11110000000101001101001000001100
10111111000110010100111100000000
01001110010001100100111101000101
01001110010001110100111101000110
01001000010001110100011000100001
11111011011111001111000000000001
01000110000001000100011000000101
01000000111111001111000001001111
00001111010001001110101110110000
01001001010000111101001000101100
10000001000011001111100011011111
01001111000000001111000000010100
11110000010011111101000000001010
01000110001110000100010000111111
11111111010001001111000000000001
01000110010000010100011000000111
11110000000000010100011000110000
11100000000010011111111100111111
01010100011111001111000001001111
11110000000000010100011000111000
01000110000001111111101011000001
01000110001100000100011001000001
11111010101111001111000000000001
01000110001000010100011000000110
11110000000000010100011000101000
11110000010011111111110100100101
11110000000000010101000101111110
01000110100000001111101010110011
01000110001010000100011000100001
11111111001001101111000000000001
11110000000000010100011001000001
01000110000001011111101101001001
01000110000010000100011000101001
11111101000101001111000000000001
01001001001011000100011010000000
11111101000100001111000000000001
11110000000000010100100100101011
01000110010000011111101010011111
11111101000010101111000000000001
11110000000000010100100100101001
01000110010000011111101010011001
11111101000001001111000000000001
11110000000000010100100100100111
01000110010000011111101010010011
11111100111111101111000000000001
11110000000000010100100100100101
01000110000001001111101010001101
01000110001010000100011001000001
11111100111101101111000000000001
11110000000000010100011000100001
01000110001100011111110011110011
11111010100000101111000000000001
11110000000000010100011000101001
01000110001110011111101001111111
01000001111100001110100010111101
10111010011110101111000000000001
01000000111001001111000001001111
00001111010001001110101110110000
01000110001010001101100100001001
11111100001001001111011111111111
10111111000010000010100000000100
11111100010001101111011111111111
11101000101111010100011000101000
11110000010011111000000111110000
11101011101100000100000001111111
11010010000001000000111101000100
11101000101111010100011000100000
11110111111111110100000111110000
11110000000101001011110000101011
10111111000101000100111100000000
01001000000011100100100000001101
10000001111100001110100010111101
10111111110010010000000000000000
10111001111111011010101000100010
00111111110010010000000000000000
00111001111111011010101000100010
10111111100000000000000000000000
00111110111011010110000000000000
00110111110011100000101011000011
10111101011001011010110100101101
00111101110101011011100010001111
10111110000100011011010100001111
00111110010011001100100001100001
10111110101010101010101010101000
10111111110010010000111111011011
00111111110010010000111111011011
01000001111100001110100100101101
01010001110001111111001111000000
00000101011111111111000110100001
00101101000101110100011000000100
11101000101111011011111110101000
11110000010011111000000111110000
01001001000101010100011101111111
11011010000011100010110100000000
11111010001011001111000000000001
00001111010000001110101110110111
00101000000000001101001100011110
00101100000000001101110100011100
11110000010011111011111111001000
10111111101110000101010001111110
01000100000000001111000001001111
01001010000011011110000000010100
11110110000001011111101000100010
10111111000010000100001000110100
10000001111100001110100010111101
11111010000101101111000000000001
00001111010000001110101110110111
00101000000000001101001100001000
00101100000000001101110100000110
11110100010011111101110100000011
01000000111010000000000000000000
01000011101101000100010000000100
11101000101111010100011000100000
00000000000000001000000111110000
01110001010010011111001011001010
00000000011111111111111111111111
01000011111110001110100100101101
01000110000000100100011000000100
01000110011010010100100001001111
00001111010000101110101110110000
11110000010011111101100100001001
11101011101100000100000011100110
10111111100101000000111101000010
11110000010011110010000000000000
10010000000000000011000011111111
01001011010010011110000000110000
01000000000000001111000000100010
11011001011100010100001010000011
01000110001000000100100101000111
11111100010101001111000000000001
11111101100110101111000000000001
11110000000000010100011010000000
11110000000000001111101101110101
10010000000000000000000000000011
01000110010000000100100101000010
11111100010010001111000000000001
01001001010000010100011000000101
11110000000000010100011001000000
01000110000001101111110001000011
01000110010000000100100100111111
11111100001111101111000000000001
01001001001111100100011000000111
11110000000000010100011001000000
01000110001000011111110000111001
11111101101011101111000000000001
11110000000000010100011000111001
01000110001100011111111000111101
11111110001110101111000000000001
11110000000000010100011000101001
01000110000001001111111000110111
10011100000000000100011000100101
11011011010001010010110000000000
11110000000101000100011000101001
01000110000010000000111100000001
11110000000000011101000000011100
01000110000001101111110000100001
11110000000000010100100100110000
01001001001100001111110000011101
11111001101011001111000000000001
11110000000000010100011000110001
01001001001011101111110000010111
11111001101001101111000000000001
11110000000000010100011000110001
01000110001010011111110000010001
11111100000011101111000000000001
11110000000000010100011000101001
11110000000101001111100110011101
11010000000111000000111100000010
10000011111110001110100010111101
11111100000001001111000000000001
01001001001001010100011000000101
11111100000000001111000000000001
11110000000000010100100100100100
01000110001010011111100110001111
11111011111110101111000000000001
11110000000000010100100100100010
01000110001010011111100110001001
11111011111101001111000000000001
01010001011111101111000001001111
11111001100000101111000000000001
00001111000000101111000000010100
11101000101111011011111100001000
11110000100000001000001111111000
11101000101111010100000000000000
11100111111111111000001111111000
11110111111111110100011000010000
11100111101101001111101101010011
11110001101100000000000001101000
10111111001111000100111101111111
01010000011111101111000001001111
10000011111110001110100010111101
11110000010011111101000100000111
11110111111111010000000000000001
11101000101111011111110111101100
11110111111111110100001111111000
01000110001010001011101100110010
01000011111110001110100010111101
10111011001010001111011111111111
01111110100100100001111110110110
01000110010010010000111001001001
00111111001000101111100110000011
00101100001101000110000100011010
00110011101000100010000000000000
00111001111111011010000000000000
00111111110010010000000000000000
10111001010011000110110100110011
00111100000010001000001011011010
10111110001010101010101010100000
10111010101100100011101010111001
00111101001010101001111111001010
10111110111111111111111111011101
10110101000100000100100100100000
01000010000000001111000000100000
00001111010000001110101110110001
01000110000100001101001100010001
11111000001111101111000000000000
01000110000000010100011000000100
01010000011111101111000001001111
11111001110100101111000000000001
11110000000000010100011000100001
11101000101111011111100100110001
11110000010011110100000000010000
11110000000000010011000111111111
11110000010011111011111001001100
11101011101100110100001101111111
11011001000101110000111101000000
01000110000100000100100100010010
11111101100110101111000000000001
11111000001001001111000000000000
01001001000100000100011000000100
11111011100010101111000000000001
11110000000000010100011000100001
11110001101100001111100100011001
10111111000110000100111111111111
00100000000000101011110100010000
11111101100101111111011111111101
01000000000100001110100010111101
10111010111000011111011111111111
01000011011111111111000001001111
00001111010000001110101110110011
01000110000100001011111100000100
11101000101111011011110100010000
11110111111111110100000000010000
00000000000000001011101011001101
10000101010111010101100010011110
00111111001100010111001100000000
00110111011010000000100010010111
01000001111100001110100100101101
11110000010011110100011000000100
01001001010011110100000000011001
11101011000000000010010100000000
01000010100010000000000001000100
01001001010011011101100001001010
11110000000000010100011000100000
11110000000000011111101101011011
01000110100000001111110010100001
11111010011111001111000000000001
01001001010010010100011000000110
11110000000000010100011001000000
01000110000001111111101101010001
01000110010000000100100101000111
11111011010011001111000000000001
11110000000000010100011000100001
01000110001110011111110011000001
11111101010100001111000000000001
01001001010000110100011000000100
11111011010000101111000000000001
11110000000000010100100101000010
01000110001000011111100011010001
11111011001111001111000000000001
01000001010000011111000001101111
11111000110010101111000000000001
11110000000000010100011000100001
01001001001111011111101100110101
11111000110001001111000000000001
11110000000000010100011000100001
01000110000000011111101100101111
11110000000001100100100000111010
01000100011110000000010000000011
00000000001001001111100001010000
11111011001001101111000000000001
01000100011110010100100100110111
00010000001001001111100001010001
11111000101100101111000000000001
01000100011110010100100100110101
00010000001001001111100001010001
11111000101011001111000000000001
10111011100101010001000010110001
01000001111100001110100010111101
10111101110001111111000000000001
01000001111111111111000001001111
00000000000001001110101000110001
11010000000010100100011000100000
01000001110011101111000001001111
00001111010001001110101110110001
11101000101111011101100100001111
11110000010011110100000111110000
11110000000000010101000101111110
11110101000101001011100010010101
10111111000001000000111100000000
11101000101111010010000000000000
11101000101111011000000111110000
11110111111111110100000111110000
01001001001000111011101001010101
00001111010001001110101110110001
00100101000000011011111100101000
00100000000000101101001010010011
11111101000001111111011111111101
01001111000000001111000000010100
11101000101111011101000000000011
11110111111111110100000111110000
11101000101111011011101001010011
11110111111111110100000111110000
11110000000000011011101001001010
00000000000001001111110110010110
11110001101101001101000000001011
11010000000011110100111111111111
11111010001000001111011111111111
10111111000010000010100000000100
11111010010000101111011111111111
11101000101111010100011000100000
00100000000000101000000111110000
11111100111010011111011111111101
01000001111100001110100010111101
10111010001110001111011111111111
11110111111111010010000000000010
11101000101111011111110011100010
11110111111111110100000111110000
00000000000000001011101000101100
00011110010100000000000000000000
01000000101110001010101000111011
00110111000001011111110111110100
00111110001100010111000000000000
00111101001010101011101100010010
00111110001010101011101100010010
00111111011111111111111111111111
00000000000000000001110001111110
00000000000000000001110001100010
00000000000000000001110001000110
10000101101000000000000000000000
01000001111100001110100100101101
01010001110001111111001111000000
00000101011111111111000110100001
00101101000101110100011000000100
11101000101111011011111110101000
11110000010011111000000111110000
01001001000101010100011101111111
11011010000011110010110100000000
11111000001100001111000000000001
00001111010000001110101110110111
00101000000000001101001100011111
00101100000000001101110100011101
00100100000000001011111110101000
11110001101101001101101000011001
10111111000110000100111100000000
11100000000101000100110000001101
11111010001000100100101000001101
01000010001101001111011000000101
11101000101111011011111100001000
11110000000000011000000111110000
11101011101101111111100000011001
11010011000010000000111101000000
11011101000001100010100000000000
11011010000000110010110000000000
00000000000000001111010001001111
01000100000001000100000011101000
01000110001000000100001110110100
10000001111100001110100010111101
01110001010010011111001011001010
10111111100000000000000000000000
00000000011111111111111111111111
01000110000001011011010101110000
01000000000000001111000000100000
01000000111111111111000111000000
00001111110000000100011000001100
11110000001001001101000100000101
11110001110000000100000000000000
00001111110000000100000011111111
01000110001010001101000000010111
11111011001010001111000000000001
01010001110100001110101001101111
00001111111111111111000000010001
10111101011100001011111100001000
11101011101100010001011111101001
10111111000010000111111111100000
01000110000000011011110101110000
00000001000111101111001101100100
01000000011100001110100010111101
01000110000000010100011000001010
11110000000000010100011000010000
11110000010011111011101111000011
11101011101100000100000001111111
10111111000110000000111101000101
00000000010001001110101001011111
00100000000000011101000111011111
11111100010101111111011111111101
01000000011100001110100010111101
10111001100111011111011111111111
01010010110100001110101001101111
00001111111111111111000000010010
11110000001100001011111100010100
01000111011100000100001000000000
11110000000000011011010100010000
01000110000001001111110011100100
01010000110101001110101001101111
00001111111111111111000000010000
11110000001101001101000000001110
10111111000111000100000000000000
10111101000100000100011000100000
11110111111111010010000000000010
11110111111111111111110000111010
01000110000000011111100110001011
11110011011000010100011000100000
10111101000100000000000000011110
11110111111111010010000000000010
11110111111111111111110000110000
01000110000000011111100101111100
11110011011000010100011000100000
10111101000100000000000000011110
01000001111100001110100100101101
11110101101000000010011000000000
11110001101100010000000100000000
11010010011111010100111111111110
00100010000000001111010100000000
00000001011111101111000001101111
01010001111000101110101100000001
01010100000000101111001111000010
11110000010011110001100001110111
11101011101000000101001001111110
11101011000000100101011011000001
11101010010101110101010100000100
11010000010001110000000000000100
01000110001100000100011000101001
11111111100001101111000000000000
01000110001010010100011010000000
11110000000000010100011000110000
01000110010000011111101111111001
11111000000111001111000000000001
01000110000000010100011000000101
11111001111010001111000000000001
01001001010010100100011010000000
11111001111001001111000000000001
11110000000000000100100101001001
01000110000001101111111101110011
01000110001010000100011001000001
11111001110111001111000000000001
11110000000000010100011000110001
01000110000001101111100111011001
11110000000000010100011000111000
01000110000001111111100101000001
11110000000000010100100101000010
01001001010000101111100111010001
11111000010100010100010001111001
11110000000000000001000000100100
01000110001100011111111101011101
11111111010110101111000000000000
01001001001111100100011000000110
11110000000000010100011000101000
01000110001100011111100111000011
11111111010100101111000000000000
01000110001110000100011000000101
11110000000000010100100100111010
01001001001110101111100110111011
11111000010100010100010001111001
11110000000000000001000000100100
01000110001010011111111101000111
01000001111100001110100010111101
10111111010000101111000000000000
01010001011111101111000001001111
11110000000000010100011000110000
01000110000001011111101110110101
11110000000000010100100100110010
01001001001100101111100110100111
11111111001101101111000000000000
11110000000000010100011000101001
01001001001100001111100110100001
11111111001100001111000000000000
11110000000000010100011000101001
01001001001011101111100110011011
11111111001010101111000000000000
01000110001010010100011000000100
11110000000000010100011000001000
01000110001000011111100110010011
11111001100100001111000000000001
01001001001010010100011000000100
11100000000000000100011000101000
11110000000000011110000000001110
01000110001000011111100110001001
11111111000110001111000000000000
01001001001001010100011000000100
11110000000000010100011000101000
01000110001000011111100110000001
01000001111100001110100010111101
10111111000011101111000000000000
01000010011111111111000001001111
00001111010000001110101110110010
11101000101111011101001000000011
11110111111111110100000111110000
11110001101100001011100011001111
10111111000010000100111111111111
10000001111100001110100010111101
01001111000000001111000110110000
00100000000000011101100100000110
11111011011111111111011111111101
01000001111100001110100010111101
10111000110001011111011111111111
01000001000000001111000000110000
11110000011011111101000000000101
00100001000101110000011000010110
11111100000011111111000000000001
00100000000000101110011101010000
11111011011011111111011111111101
11111000101011011111011111111111
01000000000000001111000010000000
10000001111100001110100010111101
00111110001100100000001011011110
00111110100101000011110100111011
00110110100110101000010011111100
00000000000000000001100111111000
00111111010111100101101111011001
00111110100110100010000000000000
00000000000000000001100110101100
00111101101010010100111110010010
10111101110111100111100101110010
00111110000101000011111000101101
10111110010111100101101111011000
00111100010010110111101100010101
00111110110110000000000000000000
01000001111100001110100100101101
11110101101000000010011000000000
11110001101100010000000100000000
11010010011111010100111111111110
00100010000000001111010100000000
00000001011111101111000001101111
01010001111000101110101100000001
01010100000000101111001111000010
11110000010011110001100001110111
11101011101000000101001001111110
11101011000000100101011011000001
11101010010101110101010100000100
11010000010001110000000000000100
01000110001100000100011000101001
11111110101011001111000000000000
01000110001010010100011010000000
11110000000000010100011000110000
01000110010000011111101100011111
11111111010000101111000000000000
01000110000000010100011000000101
11111001000011101111000000000001
01001001010001010100011010000000
11111001000010101111000000000001
11110000000000000100100101000100
01000110000001101111111010011001
01000110001010000100011001000001
11111001000000101111000000000001
11110000000000010100011000110001
01000110000001101111100011111111
11110000000000010100011000111000
01000110000001111111100001100111
11110000000000010100100100111101
01001001001111011111100011110111
11111000010100010100010001111001
11110000000000000001000000100100
01000110001100011111111010000011
11111110100000001111000000000000
00100001000000010100011000000110
11110000000000010100011000101000
01000110001100011111101110011100
11111110011110001111000000000000
01000110001110000100011000000101
11110000000000010100100100110100
01001001001101001111100011100001
11111000010100010100010001111001
11110000000000000001000000100100
01000110001010011111111001101101
01000001111100001110100010111101
10111110011010001111000000000000
01010001011111101111000001001111
11110000000000010100011000110000
01000110000001011111101011011011
11110000000000010100100100101100
01001001001011001111100011001101
11111110010111001111000000000000
11110000000000010100011000101001
01001001001010101111100011000111
11111110010101101111000000000000
11110000000000010100011000101001
11110000011011111111100011000001
11110000000000000100000110000010
01000110000001001111111001001111
01000110000010000100011000101001
11111000101110001111000000000001
11110000000000010100011000100001
01000110000000011111100010110101
11100000000000000100011000101000
11101000101111011110000000000011
11110000000000000100000111110000
11110000010011111011111000111111
11101011101100100100001001111111
11010010000000110000111101000000
01000001111100001110100010111101
10111000000000001111011111111111
01001111111111111111000110110000
11101000101111011011111100001000
11110001101100001000000111110000
11011001000001100100111100000000
11110111111111010010000000000001
11101000101111011111101010110000
11110111111111100100000111110000
11110000001100001011111111110110
11010000000001010100000100000000
00000110000101101111000001101111
11110000000000010010000100010111
11100111010110111111101101000000
11110111111111010010000000000010
11110111111111101111101010100000
11110000100000001111111111011110
11101000101111010100000000000000
00000000000000001000000111110000
00111110110011001111000101100110
00111111001010101010101010101010
00111000000001011111110111110100
00000000000000000001100010000100
00111111001100010111000000000000
00000000000000000001100000111000
00111110010000101110110100100001
10111110100000000001000100001010
00111110101010101010101111000001
01001101111100001110100100101101
00100011000000000100011000001110
00001100000000001111010110100000
01110001000000001111000001001111
10110000100001000100011000110101
11110000010011110100011000000010
11101011000000010101010001111110
11110000010011110000000101000101
11110001101111000100100001111111
11110000100000000100111111111110
11110001101100011000000110011111
11110000110000000100111110000000
01001001111111101000000111011011
11110101101100010100010000000001
11110010010000000101111100000000
11110101000000001000001010100111
00001100110010010010000110000000
00000111000011111111000000000001
00010001000001111111001111000001
11101011101000100011100101111111
11101011000000010101010111000001
01000110001110000000101100000011
11111111101011101111000000000000
00000001000000111111000001101111
11111010111100011111000000000001
01010001011111101111000001001111
11111101110011001111000000000000
10010000000000100100011000000001
11110000000000010100011000101000
10010000000000011111101000111111
10011001000000100100011000101000
11111101110000101111000000000000
01101010000000001111010100000000
00001010000010111111001101101111
01000110010100011001000000000000
11110000000000011001100000000010
01000110001010011111101000110001
11111101101101101111000000000000
11110000010011111001000000000010
10011001000000000101000001111110
11111110010011101111000000000000
10010000000000000100011000000001
11110000000000011001100000000001
11110101000000001111100000011001
11110011011011110110010100000000
01000110001010000000010100001011
11110000000000011001100100000010
10010000000000101111100000010001
01000110001010000100011001010001
11111000000011001111000000000001
11110000000000011001100100000001
10011001000000101111100110000001
11111010000100001111000000000001
11110000000000011001100100000000
01000110000000011111100000000011
01000110001010001001000000000001
11111101100100001111000000000000
10010000000000100100011000000001
11111111111110101111000000000000
01001001110100000100011010000010
11111111111101101111000000000000
11110000000000000100100111001111
01000110010100011111110110000101
11111111111100001111000000000000
00100001000000000100011010000010
11110000000000010100011000101000
10010000000000001111101010011110
10011000000000100100011001010001
11111111111001101111000000000000
00100001000000000100011000000101
11110000000000011001100000000001
01000110001010011111101010010100
11111101011100001111000000000000
01000110000000010100011010000010
11110000000000001001100000000000
11110101000000001111110101101011
11110011011011110110010100000000
01000110001010010000010100001011
11110000000000011001100000000000
01000110010100011111100111011011
11111101011000001111000000000000
01001001101111000100011010000010
11110000000000000100011000101000
10010000000000001111111111001001
01000110010100000100100110111010
11111111110001001111000000000000
01001001101110010100011010000010
11110000000000000100011000101000
01000110010100011111111110111111
11111101010011101111000000000000
01000110000000010100011010000010
11110000000000001001100000000000
11110101000000001111110101001001
11110011011011110110010100000000
01000110001010010000010100001011
11110000000000011001100000000000
01000110010100011111100110111001
11111101001111101111000000000000
01001000101011100100011010000010
11111000010100000100010001111000
11101011000000000001000000110111
10010001000000010000000011000111
11101010010011110110100001000111
11110000000000000001000000001011
10010000000000001111111100001011
01000110010100000100011000111001
11111101001011001111000000000000
11110000000000000100011000101001
10011001000000011111110100101001
11111101001001101111000000000000
11110000000000001001100100000000
11110101000000001111110100100011
11110011011011110110101100000000
01000110010110000000101100001011
11110000000000011001100100000000
10011001000000011111100110010011
11111001100100001111000000000001
11110000000000010100011000101001
01000110001110011111100110001101
11111001100010101111000000000001
11110000000000010100011001010001
11110101000001101111100011110101
01000110100000100110011100000000
00000111000010111111001101101111
01000110001100000100011000111001
11111001011111101111000000000001
10010000000000000010000100000000
11110000010011110100011000001000
11110000000000000000000000000000
01000110001110010000011000001100
11110000000000000100011001011000
01000110000001011111111101101001
01000000000000001111000000100000
01001111100010111111000110110000
11101011101110001101110100001010
11010011000001110000111101000000
01000000100010111111000001001111
00000101000111101111001101100000
11110000010011110100011000101111
11100000000111110000101000000000
10011001000000000100011000111000
11111100111001101111000000000000
11110000000000000100011001010001
01000110000001111111111101010001
10011001000000000100011001011000
11111111010011001111000000000000
11110000000000000100011000111001
01000110100000101111110011011011
01000110001010000100011000000001
11111100110101101111000000000000
01100111000000001111010100000000
00000111000010111111001101101111
01000110001010000100011000111001
11111001010001101111000000000001
11110000000000000100011001010001
01000110100000101111110011001011
00100000000011000100011000110001
00000000000000001111000001001111
01000110001110000100011001010001
11111100110000101111000000000000
11111110011100001111000000000000
00010001000001010100011000000110
11111110100101101111000000000000
11110000000000010100011000111001
01000110010100011111100010011111
11111100101101101111000000000000
01001001011010110100011000000111
11111111001000001111000000000000
11110000000000000100100101101010
01000110001110011111110010101111
11111111000110101111000000000000
11110000000000000100100101101000
01000110001110011111110010101001
11111111000101001111000000000000
01001000011001100100011000000001
00000110000011111111000000000110
11111000010100000100010001111000
11110000000000000000000000100110
01001001011000111111111100001011
11111000010100010100010001111001
11110000000000000001000000100110
01001001011000011111110010010111
11111000010100010100010001111001
11110000000000000001000000100110
11110001000001011111110010010001
00101001111111000000000101111101
01000110001010011101001000001000
11111001101010111111000000000001
01000110001000011011000000000100
01001101111100001110100010111101
10111110111100101111000000000000
00000001101111111111000100000101
01111111101111111111010110110001
01000110001010011101100000010110
11111001100111011111000000000001
11110000000000000100011000100001
01000110000001011111111011100111
00001111010001011110101110111000
00000000011010001101000000011010
01000110001010001101000000001100
11111110001000101111011111111110
10111111000010000010100000000100
11111110010001001111011111111110
10110000000001000100011000101000
10001101111100001110100010111101
11011010000010110010110100000000
11110111111111010010000000000010
11110111111111101111100011101000
01000110000000011111111000111001
10110000000001000100011000100000
00000000000111101111001101100001
10001101111100001110100010111101
11110111111111010010000000000010
11110111111111101111100011011100
01000110000000011111111000101000
10110000000001000100011000100000
00000000000111101111001101100001
10001101111100001110100010111101
01001111100000001111000110110001
10111111000000001101001100111100
01000001111111111111000100000000
01001111111111101111000110110001
10111111000000001101001000100001
01000010000000001111000000100000
01010001110001111111001111000101
00101001011111110100011000010000
00101001100101111101101100001101
10101110010100011111011010111111
00000001100101101111000111000001
00001100000000011111000001001111
11110001000000011111101000001100
00001100000000011111000110100001
00001111000001011110101000011100
00100000000000011101000000000111
11111000101100011111011111111101
11101000101111011011000000000100
11110111111111100100110111110000
01000010001010011011110111110110
01001100001010011011111100011000
00000000010000011110011000111001
11110000010011111011111100011100
11101011101100010111000110000000
11011001000010010000111101000000
11110000000000010010000100011011
01000110000000101111100100111010
00000011000110101111000001101111
01001111000000001111000000010000
11100110001010001101000111001110
01001111111111101111000110111100
11100110001001001101001000011000
01111111000000001111000110110001
11110000001101101101001100001110
11010000000001010100000100000000
01000001000000001111000000000110
01010101111111001111000001000001
11100111101101110100011000101110
10111111000110000000000001000001
00001111010000001110101110111000
11100111101100011101100001111000
01111111100000001111000110110001
11110101101001011011111100111000
11010011101010110000011000000000
01000001000000001111000000100000
01001100111111111111000001101111
11101011000000010100110000010000
01000010101000110000001100001100
11100000000111011101001100101111
11000000100000000001000000000000
00111110010011001110001001111110
00111110101010101010101010101011
01000010001110001011000000000000
01000010001110001010101000111011
10111011101110001001101011010100
00000000000000000001011000001100
00110111011000110101100111111100
00111010011101011111111111001001
00111101001100010111001000011000
00000000000000000001010111011000
00000000000000000001010110001100
00000000000000000001010101000000
10111111100000000000000000000000
00000000001111111111111111111111
01000011000000001111000000100101
01000101101001000100010010011100
11110001101100001101001100001011
10111111000110000101111101111110
00001100010001011110101001011111
11110001101100011101000000111110
10111111100110000100111111111111
01001111111111111111000110110011
10110000000001001101100100000101
11101000101111010100011000110001
11110111111111100100110111110000
11110001101100001011110110000100
11010000000011110100111111111111
01010001110001111111001111000101
11011011000010010010100101111111
11011010000100010010100110010111
00000001100101101111000111000001
11111010000000100010001000000001
00011110010010101111000100000001
11010000000001010100001000101010
11100000000010000010000100000000
01001111000000001111000000010101
11100000001010001101000101010101
10111111000110000100001000101001
11010001000000000010000100000001
11110101000100000010000100000010
11010000000101000000111100000000
11110001101100001011001100100000
11010000001001110100111100000000
01001111100000011111000100010000
11110000010011111101000001001110
11101011101100010100000111111110
10111111100101000000111101000000
00100000000000000010000000000001
11101011000000010010000100000001
01000010100010000111000111100101
11100000000011001101000100111001
11110000000101011110000001000000
11010000000000100100111100000000
11010000001101100010100100000001
00101001000000011110000000110001
01001000001111111011111100000010
11101000101111011011000000000100
11110000010011111000110111110000
10110000000001000100000011111111
10001101111100001110100010111101
01000000000000001111000000010101
10110000000001001101000100001110
10001101111100001110100010111101
01001111111111111111000110110101
11110101000101011101000000011101
11010000000001010000111100000000
01001111000000001111000000010101
10110001000010011101000000010100
11010000000001110010100100000001
11110111111111000010000000000010
10110000000001001111111111100010
01001101111100001110100010111101
10111101000111011111011111111110
11110111111111000010000000000010
11110111111111101111111111011010
10110000000001001111110100011000
01000000000000001111000010000000
10001101111100001110100010111101
00101001000000011011000100001001
10110000000001001101000000000011
11101000101111010010000000000000
10110000000001001000110111110000
01000000000000001111000001001111
10001101111100001110100010111101
11110000010011111011000000000100
11101000101111010101000001111110
10111111000000001000110111110000
01010001011111101111000001001111
11111111101100001111000000000000
11110000011011110100011000000101
11110000000000010000000100000001
01001001000111001111100001010100
11111111000101101111000000000000
11110000000000000100011000101001
11110000010011111111110110011011
11110000000000000101000101111100
01000110000001111111111100001111
01000110000010000100011000101001
11111101100100101111000000000000
01000000000000001111000010000000
11110000000000000100011000111001
01000110100000101111110110001101
01000110001010000100100100010010
11111101100010001111000000000000
01001001000100010100011000000111
11110000000000000100011001010000
01000110100000101111110110000011
01000110001010000100100100001111
11111101011111101111000000000000
11110000000000000100011001010001
01000110000001011111101100001101
01000110001110000100011000000001
11111011000010001111000000000000
01101011000000001111010100000000
00001011000010111111001101101111
01000110001110000100011001011001
11111111011110001111000000000000
11110000000000000100011000101001
11100101111011001111101011111101
11111111100000000000000000000000
00111110101010101010101010101011
01000001101110001011000000000000
01000001101110001010101000111011
10111011001110001001101011010100
01000011111110001110100100101101
01000110000000100100011000000100
01000110011010010100100001010010
00001111010000101110101110110000
11110000010011111101100100001001
11101011101100000100000011100110
10111111100101000000111101000010
11110000010011110010000000000000
10010000000000000011000011111111
01001011010011001110000000110000
01000000000000001111000000100010
11011001011100010100001010000011
01000110001000000100100101001010
11111101010001001111000000000000
11111110100010101111000000000000
11110000000000000100011010000000
11110000000000001111110001100101
10010000000000000000000000000011
01000110010000000100100101000101
11111101001110001111000000000000
01001001010001000100011000000101
11110000000000000100011001000000
01000110000001101111110100110011
01000110010000000100100101000010
11111101001011101111000000000000
01001001010000010100011000000111
11110000000000000100011001000000
01000110001000011111110100101001
11111110100111101111000000000000
11110000000000000100011000111001
01000110001100011111111100101101
11111111001010101111000000000000
11110000000000000100011000101001
01000110000001001111111100100111
10011100000000000100011000100101
11011011010001010010110000000000
11110000000101000100011000101001
01000110000010000000111100000001
11110000000000001101000000011110
01000110000001011111110100010001
11110000000000000100100100110011
01001001001100111111110100001101
11111010100111001111000000000000
11110000000000000100011000101001
01001001001100011111110100000111
11111010100101101111000000000000
11110000000000000100011000101001
11110000010011111111110100000001
11110000000000000101000101111110
11110000000101001111101010001111
10111111000010000000111100000010
10000011111110001110100010111101
01000000000000001111000010000000
10000011111110001110100010111101
11111100111100101111000000000000
01001001001001110100011000000110
11111100111011101111000000000000
11110000000000000100100100100110
01000110001100011111101001111101
11111100111010001111000000000000
11110000000000000100100100100100
01000110001100011111101001110111
11111100111000101111000000000000
11110000000000000100011000101001
01000110001010011111110011011111
11111010011011101111000000000000
00001111000000101111000000010100
11101000101111011101000111100000
11100111111111111000001111111000
11110111111111100100011000010000
11100111101101001111110001000011
11110001101100000000000001101000
11010010000010010100111101111111
11110111111111100100011000101000
00101000000001001111110000001111
11110111111111101011111100001000
01000110001010001111110000110001
10000011111110001110100010111101
00100000000000011101000100000110
11111110110101111111011111111100
01000011111110001110100010111101
10111100000111011111011111111110
11101000101111010100011000101000
11110111111111100100001111111000
00000000000000001011110000010011
01111110100100100001111110110110
01000110010010010000111001001001
00111111001000101111100110000011
00101100001101000110000100011010
00110011101000100010000000000000
00111001111111011010000000000000
00111111110010010000000000000000
10111010101100100011101010111001
00111101001010101001111111001010
10111110111111111111111111011101
10111001010011000110110100110011
00111100000010001000001011011010
10111110001010101010101010100000
01000001111100001110100100101101
01000110000001000100011000000101
01000001011111111111000001001111
01000000000000001111000000100000
00001111010001011110101110110001
11110000010011111101100101001001
11101011101100010100000111111110
11011000000110010000111101000101
11101011101100010100100100111000
11010011010001010000111101000101
11111001000111001111011111111111
01000110000000010100011000000100
01010000011111101111000001001111
11111010101100001111000000000000
11110000000000000100011000100001
11110000010011111111110111110101
11110000000000000011000111111111
01000110000001001111111100101100
01001111000000001111000000010101
11110000100001001011111100011000
11100000001001110100010000000000
01000000111001101111000001001111
00001111010001011110101110110000
01000110001000011101100001001001
11111000110111110100110100101001
01001111001010101000000010101000
11110000000000000100011000001000
01000110000001101111110001100101
11110000000000000100011001000001
01000110001010011111110001100001
11111001111100001111000000000000
01000110001110010100011000000101
11110000000000000100011000110000
01000110000000011111100111101011
11110000000000000100011000101000
01000110001100011111101010000101
11111100010100101111000000000000
01000110001000000100011000000001
11111100010011101111000000000000
11110000000000000100011000100001
01000110000001001111100111011101
11101000101111010100011000100000
01000110001010001000000111110000
01000001111100001110100010111101
10111011100111101111011111111110
11110000000000000100100100010111
11110111111111111111111001001001
01000110000001001111100011010011
11110000000000000100100100010101
01000110001000011111110000111001
11111001110010001111000000000000
11110001101100000100011000000100
11010001101110010100111111111111
01001111000000001111000000010101
01001100000100001011111100011000
11110111111111000010000000000010
11110111111111101111111001000010
01000110000000011111101110001110
11110011011000010100011000100000
11101000101111010000000000011110
01000110001000001000000111110000
11111011011001001111011111111110
10111111000010000010100000000100
11111011100001101111011111111110
00000000000000001110011111010000
10000101010111010101100010011110
11000000111001000110100111110000
10111110010000101110011011000010
11000010001010110100111110010011
00111111001100010111001100000000
00110111011010000000100010010111
11111111100000000000000000000000
01000110000001011011010101110000
11111101100010101111000000000000
11110000001000000100011000000100
11110001110000000100000000000000
00001111110000000100000011111111
11110000001001011101000000001000
11110001110000000100000000000000
00001111110000000100000011111111
00100000000000011011111100000100
11111110000011111111011111111100
10111101011100000100011000100000
01000011111110001110100100101101
01000110000000100100011000000100
01000110011010010100100001001100
00001111010000101110101110110000
11110000010011111101100100001001
11101011101100000100000011100110
10111111100101000000111101000010
11110000010011110010000000000000
10010000000000000011000011111111
01001011010001101110000000110000
01000000000000001111000000100010
11011001011001010100001010000011
01000110001000000100100101000100
11111011110110101111000000000000
11111101001000001111000000000000
11110000000000000100011010000000
11110000000000001111101011111011
10010000000000000000000000000011
01000110010000000100100100111111
11111011110011101111000000000000
01001001001111100100011000000101
11110000000000000100011001000000
01000110000001101111101111001001
01000110010000000100100100111100
11111011110001001111000000000000
01001001001110110100011000000111
11110000000000000100011001000000
01000110001000011111101110111111
11111101001101001111000000000000
11110000000000000100011000111001
01000110001100011111110111000011
11111101110000001111000000000000
11110000000000000100011000101001
01000110000001001111110110111101
00101101000000001001110100000000
01000110001000011101101100111010
11110000000000000100011000001000
01000110000001101111101110101011
11110000000000000100100100101111
01001001001011111111101110100111
11111001001101101111000000000000
11110000000000000100011000110001
01001001001011011111101110100001
11111001001100001111000000000000
11110000000000000100011000110001
01001001001010111111101110011011
11111001001010101111000000000000
11110000000000000100011000110001
01001001001010011111101110010101
11111001001001001111000000000000
11110000000000000100011000110001
01001001001001111111101110001111
11111001000111101111000000000000
11110000000000000100011000110001
01000110001000011111101110001001
11111011100001101111000000000000
11110000000000000100011000100001
11110000000101011111100100010101
10111111000010000000111100000001
10000011111110001110100010111101
11101000101111010100011000000001
01001000000111100100001111111000
10111001101010001111000000000000
11110111111111100100011000010000
11100111110000001111101011100101
11110001101100000000000001100000
11010010000010010100111101111111
11110111111111100100011000100000
00101000000001001111101010110001
11110111111111101011111100001000
01000110001000001111101011010011
10000011111110001110100010111101
00100000000000011101000100000110
11111101011110011111011111111100
01000011111110001110100010111101
10111010101111111111011111111110
11101000101111010100011000100000
11110111111111100100001111111000
00000000000000001011101010110101
01111110100100100001111110110110
01000110010010010000111001001001
00111111001000101111100110000011
00101100001101000110000100011010
00110011101000100010000000000000
00111001111111011010000000000000
00111111110010010000000000000000
00111100001000101110100110111100
00111011000001100110110100001011
00111100110011100111011010001010
00111101010110011011010110101100
00111110000010001010000100110101
00111110101010101010101000101001
10111111100000000000000000000000
01000111111100001110100100101101
01001011001100100100101000110001
11110000010011110100011000000101
11110000001000000100000101111111
11101011101100010100010000000000
11010011010101000000111101000101
11011101000110110100001010011100
00001111010001001110101110110001
01000010100101001101001100011000
11110000010011111011111111001000
11011100010001000101000001111110
01000110001000000010000100000001
11111101110101011111000000000000
11111111101101101111011111111110
01010001011111101111000001001111
11111000101011101111000000000000
11110000010011110100011000000001
11110000000000000100000010000000
11110000010011111111100101000111
11110000000000000101000101111110
11100000001100001111110010001011
01011111011001101111000110110100
11101011101100011101101000001011
11010011000010000000111101000100
11110111111111100100011000100000
00101000000001001111101001001101
11110111111111101011111100001000
01000110001000001111101001101111
01000110001000011110000000100001
11111000110111110100111000010111
01001111000110001010000001100000
11110000000000000100011000001000
01000110100000001111101011111011
11110000000000000100011001010001
01000110001100011111101011110111
11111000100001101111000000000000
11110000000000000100011001000001
01000110000001101111101011110001
01000110010000000100011000111001
11111000011111101111000000000000
01000110001100000100011000000001
11111001000110001111000000000000
01000110001000000100011000000001
11111010111001001111000000000000
11110000000000000100011000100001
00101101000000001111100001110011
11110000100000001011111110111000
11101000101111010100000000000000
11101000101111011000011111110000
11110111111111100100011111110000
00000000000000001011101000110011
01000001000100000010110010110011
00111111000011001001111101010100
10111111010100101110001011000110
10111011011110110001000110110010
01000000000111100010101000011010
00101001000000001011010100010000
01111000000010001101000000001010
11010000000001110010100000000000
01000100011110000100100000000101
11111000101010001111011111111101
11010000000000010010100000000000
10111101000100000010000000000000
01000100011110000100100000000010
00000000000000001011110100010000
00000000000000000001000111001110
00000000000000000001000111000110
00101001000000001011010100010000
01111000000010001101000000001010
11010000000001110010100000000000
01000100011110000100100000000101
11111000100100101111011111111101
11010000000000010010100000000000
10111101000100000010000000000000
01000100011110000100100000000010
00000000000000001011110100010000
00000000000000000001001010110010
00000000000000000001001010101010
11110101101000000000100000001000
11101010010011110001000100000000
01000111011100000000000100110001
11101010010011110000000001000011
11101010010011110000110011010011
01000000010000110000110000111100
00000111010000001011111100011111
01010001011000001111000100001100
01001111111111101111000000010011
11110000000111000100011101110000
11010001000000110110111100000000
01000001000000001111000000001100
01000111011100000010000000000000
01000011000000001111000000001100
01110000010100001110101001000011
00000000110011001110101001000000
11110000000000001011010100010000
10111111000000001111101011111110
10010010000000000000000000000000
00000001000000001110101001001111
10111111110101101111011111111111
01000001000000001111000001001111
00100001000000001111010110100001
00000000000000001111000001001111
00000000000000000100011101110000
00001111000000011110101010010000
11110000100000011011111101001000
11110001000000000100000100000000
00011010010000101000010001111000
00011010100000001011111100111100
11101010010011110001100010001001
11101011101000100101001011010000
11110000010011110101001111010001
11101010000111000100110001111111
10111111000110000000111101000001
01101111000000101110101010011100
10000000001110111111000000000000
01001100000000001111000001001111
00100000000000001110101001001100
00100001000000011110101001001100
11111100000000111111101000100001
00001100000011001110101100010000
11110001000000101101001000011110
11101010010111110011001011111111
11101011010000000010000000011100
10111111001110000101000011000010
11110000000111000100011101110000
11101010010011110000111101111111
10111111000110000000110001000000
01001111011111111111000110111100
01000111011100001011111100111000
00000011001000001111000111000011
10111111000010000100000010011001
00000000000000011111000000100000
01001111011111111111000110111100
01000111011100001011111100111000
01000000110000001111000110100000
10111011011011101111000000000000
00000000001111001110101001001111
11101011010000000000101000000000
10111111001010000101000011000010
00001111111111111111000000011100
00001100010000001110101001001111
10111111000110001101000011100110
01001111011111111111000110111100
01000111011100001011111100111000
11101010100111001110011111101010
11010000000001010110111100000010
00001111010111001110101000010000
11110000000000001011111100001000
01000111011100000100000000000000
11110000000000001011010100010000
10111111000000001111101010010000
00111110101111101111101101100100
11110000000000000100100000000001
10111111000000001011110010001010
01111111110000000000000000000000
11110000000000001011010100010000
10111111000011001111100011110101
00100000000000000010000000000001
10110101000100001011110100010000
11111000111011101111000000000000
00100000000000011011111100010100
10111101000100000010000000000000
11110000000000001011010100010000
10111111100011001111100110001101
00100000000000000010000000000001
10110101000100001011110100010000
11111001100001101111000000000000
00100000000000011011111100101100
10111101000100000010000000000000
11110000000000001011010100010000
10111111100101001111100110110011
00100000000000000010000000000001
10110101000100001011110100010000
11111001101011001111000000000000
00100000000000011011111100110100
10111101000100000010000000000000
10111111010110000001000001000000
01000000010000001111000111000000
10111111010110000001000001001001
01000001010000001111000111000001
11110011111011110100001010000001
01000111011100001000000000000000
00001100011111111111010001001111
00010010110100001110101000011100
11101010000111001011111100011110
11101010100100100001001111010001
11101010100100110000111100001100
11110000000000000000111100001100
11101010100100001000000010000101
10111111010010000000111100000001
01110010100000001111010001000010
00001100000000001111010001000000
00000000000000001111010001000001
01000001011111111111000000101100
01000000011111111111000000100000
11101011101000101011010100000000
01000010100000010000001000000011
00011100000010001111001000001111
01001110010100001110101110101100
11100000000000001111100010011110
00000000000000001111000111000000
00001110010011101110101001001111
11111100000011101111101100000000
00000000010010011011111100111000
00011100001011001110101001001111
11110011000011101111101100001100
00011110110011101110101001001111
01011110011000111110101100001110
00101100000100011110101001001111
11111100000011001111101100001110
00100001110000011110101001001111
01010011000111001110101001001111
00010001000000111111101100000000
00000010111110101111010100000010
00101100000100011110101001001111
11111100000011001111101100001110
00110001000000011110101001001111
01001100110111001110101001001111
00010001000011001111101100000000
01000010001000101110101101000010
10111111001010000100001011000001
11101011010011000001100000001001
11111000010111010011001100000011
11101011000100001110101100000100
11101011010000110000000101000001
11110101101100100101000011000010
10111111001110000000111101111100
11010101001010010100011101110000
00001111111100001111000000010010
11110001000000001011111100011100
11110000000000000100000011000000
01000111011100000100000000000000
10000011100000101000000100000000
10000111100001101000010110000100
10001100100010111000100110001000
10010001100011111000111010001101
10010110100101011001001110010010
10011100100110101001100110010111
10100010101000001001111110011101
10101000101001111010010110100011
10110000101011101010110010101010
10110111101101011011001110110010
11000000101111101011110010111001
11001001110001111100010111000010
11010100110100011100111011001100
11011111110111001101100111010111
11101100111010011110011011100010
11111010111101111111001111110000
00000000000000000000000011111110
00001100010000001110101001001111
01111100100000001111000100001100
01001111011111101111000110111100
01000111011100001011111100101000
01000000110000001111000110110000
10111010100000001111000000000000
00010011110100011110101000001100
00001111000000011110101010010000
11110100010000101011111101001000
01000101011000100111001010000000
01000101011000111011111100111000
11110100000100111101001000000111
11010000000101100000111101111111
00000000000000011110101010000000
01000000000000001111000000000000
10110101000100000100011101110000
11111001101010011111000000000000
00111110111111000111111000001001
10111000000001011111000000000000
00000000000000011110101010000000
01000000000000001111000000000000
11101010100000000100011101110000
11110000000000000000000000000001
11110000000000000100000000000000
11110100000100101011101001011011
10111111000001000000111101111111
01000111011100000100100000000010
00000000000000011110101010000000
10111010010100101111000000000000
01111111110000000000000000000000
00001100000000011110101001010000
10000000000100111111000100000000
00001111000000001111010100011100
11110101101111001011111101011000
11010100000000010000111100000000
01000111011100000100001010001000
11110101000100001101011100000111
10111111010110000000111100000000
00001111000000001111010100010001
01000010100010001101010000010101
01000010100010010100011101110000
11110101000111000100011101110000
11010101000001000000111100000000
00001111000000001111010110111100
01000010100000011101010111110111
11110000010011110100011101110000
11101011000111000111110010000000
10111111001110000000111101000000
00001111010000011110101100011100
01000010100000011101001000000001
10110101000100000100011101110000
11111001011000111111000000000000
00000000010010010010010010010010
01010000000000001111000001001111
01010001100000001111000001001111
10111110111111101111011111111111
00001110000010110000000001000001
00000010100111101111000111010011
11110100010100001101100100001000
11101010010011110000001100000000
11111010001000110010001100000011
10111111010010001111000000000010
01000111011100000100001001000000
11110000000000001011010100010000
10111111000000001111100101001010
10000000001001001001001001001001
01000111011100000010000000000000
01000010000000001111000001101111
00000000001000001110101010000010
00000000000000000100011101110000
00001110000010110000000001000001
00000010100111101111000111010011
11110100010100001101100100010110
11101010010011110000001100000000
11111010001100110010001100000011
11010011000010101111110000000010
11110011000000101111101001100011
00000011000011001110101010000011
00001100000000011111000100001100
01001111000000001111000010010011
11110000001011001011111100001000
11101010010111000000110000000001
10111111001010000000000000010000
01000111011100000100001001000000
11110000000000001011010100010000
10111111000000001111100100100000
10000000001001001001001001001001
01000111011100000010000000000000
01000010000000001111000001101111
00000000001000001110101010000010
00000000000000000100011101110000
01000001000000001111000000010000
01000010010000001011111101001000
11110011100000001111101010110000
11110010000000111111101000010000
00000011100111011111000111000011
11101010010100011101000000001011
11101011000000010101000111000011
00000110010100110010000000010010
01000111011100001011111100111000
00000000000000011111000100000000
11110000001000001011111100001000
01000111011100000000000000000001
11110011100000001111101010110000
11110010000000111111101000010000
00000011100111011111000111000011
00000101110110011101000000001010
00100000000100101110101100000001
10111111001110000000011001010011
11110001000000000100011101110000
10111111000010000000000000000001
00000000000000011111000000100000
00000000000000000100011101110000
00001100000000011110101001010000
10000000000100111111000100000000
00001111000000001111010100011100
11110101101111001011111101011000
11010100000000010000111100000000
01000111011100000100001010001000
11110101000100001101011100000111
10111111010110000000111100000000
00001111000000001111010100010001
01000010100010001101010000010101
01000010100010010100011101110000
11110101000111000100011101110000
11010101000001000000111100000000
00001111000000001111010110111100
01000010100000011101010111110111
11110000010011110100011101110000
11101011000111000111110010000000
10111111001110000000111101000000
00001111010000011110101100011100
01000010100000011101001000000001
10110101000100000100011101110000
11111000101111011111000000000000
00000000010010010010010010010010
01010000100000001111000001001111
01010001000000001111000001001111
10111110010110001111011111111111
00001100000000011110101001010000
10000000000100111111000100000000
00001111000000001111010100011100
11110101101111001011111101011000
11010100000000010000111100000000
01000111011100000100001010001000
11110101000100001101011100000111
10111111010110000000111100000000
00001111000000001111010100010001
01000010100010001101010000010101
01000010100010010100011101110000
11110101000111000100011101110000
11010101000001000000111100000000
00001111000000001111010110111100
01000010100000011101010111110111
11110000010011110100011101110000
11101011000111000111110010000000
10111111001110000000111101000000
00001111010000011110101100011100
01000010100000011101001000000001
10110101000100000100011101110000
11111000100010011111000000000000
00000000010010010010010010010010
01010000000000001111000001001111
01010001100000001111000001001111
10111110001001001111011111111111
00001100011111111111010001001111
00010010110100001110101000011100
11101010000111001011111100011110
11101010100100100001001111010001
11101010100100110000111100001100
11110000000000000000111100001100
11101010100100001000000001000111
10111111010010000000111100000001
01110010100000001111010001000010
01001100000000001111000001001111
00100000000000001110101001001100
00100001000000011110101001001100
00000010000000111110101100000010
00010011000000011111101110100000
00000010000000001111010110100010
10111111000110000010100100000000
00000011000000011111000001000011
10111111001010000000000001011011
00000011001100111110101001001111
01000010001000101110101101000010
00101100000100111110101001011111
01010000110000101110101101001100
11101011101111001011111100101110
11110101101100100110111101000011
01000111011100000000111101111100
01101100000000111110101001001111
01001111000000001111000110111100
11110000001000001011111100001000
11110101101100100000000000000001
10111111001110000000111101111100
11010101000010110100011101110000
00000010111111111111000010000010
00111111100000001111010100010010
01000111011100001011111111001000
01000000110000001111000100000000
11110000000000001011111111011000
01000111011100000100000000000000
00001100000000001111010100000000
00001100010011001110101001011111
01000111011100001011111101001000
01000000110000001111000110110000
10111000111011101111000000000000
00010011110100011110101000001100
00001111000000011110101010010000
11110100010000101011111101001000
01000101011000100111001010000000
01000101011000111011111100111000
11101010100000001101001000000100
11110000000000000000000000000001
01000111011100000100000000000000
11110000000000001011010100010000
10111111000000001111100000011010
00111110000000010000000010001001
10111000000001111111000000000000
10111000000010011111000000000000
00001100010000011110101001011111
01101100000111001110101001011111
11101010100000001101000000001000
11110000000000000000000000000001
11101010010111111011100011001011
11101010010111110000110001000000
11010001111101100110110000011100
01000000000000001111000001001111
00000000100000001111010110100000
11110001000011100100011101110000
11110000001011100000111000000010
11111000010111100000111000000011
01000010001001000100101100000100
11101010010011111101010000000100
11110001101100100000001001000001
11011000000100010100111101111111
00000011010000001110101001001111
01001111011111111111000110110011
11010001000011101101100000001100
01111100110100001110101001001111
00001100010011001110101100001100
00001100000000101111000100001100
01001111011111111111000110110010
11101011010011001011111100001000
11100000000001000111110011010001
00001100000010001111000001001111
11101010010011111110000000000001
11101011000011000111110011010001
11111010001001000000001101001100
11110000000001001111010000000011
11110001101101000000010000000111
11010010000001100000110000000100
00001100100001001110101100001110
01000000000100001110100010111101
00001100000000011111000001001100
11101000110111110100011101100000
00001000000001111111000000001100
11110000010011110000001000000010
11110101101000000100000000000000
10111101000100000000000010000000
00000000010000100100011000001000
11110001110100101011111100011000
10111111100010000111001010000000
01000000000000001111000000000000
00000000000000001011110100010000
01001100011111111111000001001111
00000011010000011110101000111100
11101010001111001011111100011000
11110000000000000000001001000000
11110100010011111000000001100010
11101010000011000000110001111111
11110000000100000001001111010001
10111111000110000100111100000000
00000011000001011111000001000011
00010010110100001110101000011100
11101010000100111011111100011000
11110000000000000000111100001100
11110000010011111000000001010111
11101010010011000100110000000000
11101010010011000010000000000000
11110101101000110010000100000001
01000010100110100011001110000000
11110000001000111101110100010000
11110001101100000000001100000010
11010011000001100100111100000000
00000011000000101111000001000011
10111111101111000001101001000000
11110000100000110100001001000000
11101010010011110000001100000001
11110101101000100000000001000000
11100111111011000011001010000000
01001100001000101110101001001111
01001111001000111110101110111100
01000010100010001101101100001000
11010000000111001101001100000110
00000000010000011110101110100000
00000000000000001111000111000000
00000011000000011111000010000011
11010010000111010000000001000000
11010000000011011101010000010111
11111100100000001111101010110000
00001100000000011111000100001100
11110000000011001111101000000000
01000010000011001110101110100010
00001100000000001111000111010010
11101010010011111101101100010010
01000111011100000111000011000011
01110000010000111110101001001111
01000000000000001111000000000000
11110000000100110100011101110000
11010000111001010000111100000010
11101010010011111110011111011110
11110101101100100000000001000000
11011101111010110011001010000000
11011101111010010010101000000000
00010010110000101110101001001111
00100000010100001110101001000010
01110000110000111110101001000000
10110101000100000100011101110000
11111111010010111111011111111111
00111110111111111111111111101101
00011111110100011110101000011100
11110000000000001101000000000010
01000111011100000100000000000000
01000111011100000100100000000000
01111111110000000000000000000000
11101010010000010010000111111111
00000101110000000101000011010000
00000000000000000100011101110000
00001100010000001110101001011111
01101100000111001110101001011111
00000011011111111111000110111100
11110001110100111101010000010100
11110011010000000000001000010111
11110000010011111000000000011100
11111010000011000000110000000001
11110001101011001111110000000010
01000000000000110000001100000001
00000000000000111110101000100000
00000010010111001110101110110011
11101010000100001011111100001000
10111111100010000000111100001100
01000111011100000100010001100000
00111111111111111111000110110011
11101010010111111011111100101000
11110000000000000010110000000000
10111111100010000100000000000000
01010000011111101111000001000000
11110001101111000100011101110000
10111111101110000000111111111111
10110101000100000100011101110000
11111111000010111111011111111111
10111110101101101101101101000000
01000000000000001111000010000000
00001111000000011110101010010000
10101100000110111111010101111111
01000001000000001111000010000001
10111000100011111111000000000000
01010001110100001110101001001111
10111111100010000010100100000000
00000010111111111111000111010001
10000000011101011111001001000000
00100000000000001110101001001111
01000000000000001111000001000000
11110001000000011011010101110000
00001000010010010000000101111101
00001000010000001011111100111000
00001110010000111010001000001110
00001100000001000101110011010010
11110011000000101111101100000010
11110011000000111111101100000100
01000011010000001111000111000011
01010100000000101111101110100011
11101010010001010000110111101101
11111011000000100010001001000100
11111011101000001111001100000010
01000010011011010101010000000011
01000100010000001111000111000100
00011110011001001011111100111000
00110101000001011111101110100010
11111011111000100010001100000000
00001011111010100101001100000100
01000010010000111110101001000010
00110010000000101111101110100000
00000100010000001111000100010010
11110001101000100000100111100100
11110000000000110000001100100001
00101011000111110000001101111111
11101011000001001101100100110010
10111101011100000101000011000001
11110011111101111111101011111110
11100110111010011110110011110000
11011100110111101110000111100100
11010010110101001101011111011001
11001010110011001100111011010000
11000010110001001100011011001000
10111100101111011011111111000001
10110110101101111011100110111010
10110000101100101011001110110100
10101011101011001010111010101111
10100111101010001010100110101010
10100010101000111010010010100110
10011110100111111010000010100001
10011011100111001001110110011110
10010111100110001001100110011010
10010100100101011001011010010111
10010001100100101001001110010011
10001110100011111001000010010000
10001100100011001000110110001110
10001001100010101000101010001011
10000111100001111000100010001001
10000100100001011000011010000110
10000010100000111000001110000100
10000000100000011000000110000010
11110110000001001111101100000100
01000110000000001110101110110110
01000010111001101101010100000011
00011100011001001011111101001000
01000010101001101110011111000011
00011100011001001011111101011000
11110000000100011110011110111111
11010001000000100000111111111111
01000000000000001111000000000000
10110101000100000100011101110000
11111110011110011111011111111111
10111110111111111101101101111111
00001111000000011110101010010000
11110000100000011011111101001000
11110101001111110100000100000000
00011010010000101010101110001000
11110000100000101101100000000100
11101011101000000100001000000000
01000100000100010000000000000010
01010010110100001110101001001111
01010011110100011110101110100010
01001100011111111111000001001111
00001111010000011110101000011100
11101010100111001011111100011000
11010000010010100110111100000010
01001100000000001111000001001111
00100000000000001110101001001100
00100001000000011110101001001100
11111100000000111111101000100001
00001100000011001110101110110000
11110000000100101101010000001111
11010000001101100000111111111110
00000000010011001110101001011111
00010010000000001101010100011101
01010000110000101110101101000000
01000111011100001011111100111000
00001111001111111111000000011100
01000111011100001011111100011000
11101010010111111110000000001011
11110001101000100010000000011100
11101011010000000000001000000001
10111111001110000101000011000010
11110000000111000100011101110000
10111111000110000000111101111111
11110001110000110100011101110000
01000000100110010000001100100000
00011110010000001011111100010100
00000000000000011111000000100000
11101010010011110100011101110000
00001000100000000010001100010010
01000111011100001011111100001000
11111100100000001111101010110000
00000010000011001110101110100010
00001100001010001111000111001100
11110000000011001111101001100000
00101111000100101110101010010011
11101011000000001011111100000100
01000111011100000101000011000010
01110000110000111110101001001111
00001010000100110100011101110000
00010000110111001110101001011111
01000111011100001011111100001000
11101010100111001110011111110110
11010000000001000110111100000010
00001111010111001110101000010000
00100000000000001011111100001000
10110101000100000100011101110000
11111110000001111111011111111111
00111110111101101101111101000000
01000000000000001111000010000001
11110111111111000100011101110000
11110000000011001011100011001101
00101011000010010000001100001111
00100000000010001011111100001000
10000000010100011111000000000000
11010000000010110010101100001010
10111111000110000010101100001000
10111111000010000100011101110000
00001111010000001111000000011100
11110000010011111101000000001010
11110000010011110000000000000000
01000111011100000000000100000000
00001111010000001111000000011100
11110000010011111011111100011000
01000111011100000100000000000000
00001111000100001111000000011100
11110000000000001101000000001000
11110000001000000100001001111111
11101010010000100100001101110000
11101010010011110000000111010011
01000111011100000111000001000011
01000000011000001111000000000000
01000010011111111111000000100001
00000010000000001110101001000010
01000000011111111111000000000001
01110000011100101110101001000000
11110000010011110100011101110000
11101010000100100000001011111111
10111111000111000101001011010000
00000011111111111111000010010010
10111111110000100100001010001011
11101011000000000100001011010001
01000111011100000101000011000001
11010000000010100010101000000000
11010000000010110010101100000000
01000000000000001111000000000000
10111111101001000010100100000000
01000000111111101111000001000000
00000000000000001111010001000000
11110000000000000100011101110000
01000111011100000100000000000000
11110000010011110000001001000011
10111111000110000000110000001011
01101100100000001111000001001100
10101011000111001111010001111111
11110100000111000100011101110000
11010000000100010001111110000000
00101111111000001111010000011100
11101010011011111101000000000011
00000000010010010011000111001100
11110000010011110100011101110000
11110011111011110101000001000000
11110000001000101000001000000000
11101010010000100100001001110000
11110011100000100000001000000000
01000111011100001000100000000000
00000000000000001111000001001111
00110001001100000100011101110000
00110101001101000011001100110010
00111001001110000011011100110110
01000100010000110100001001000001
00110000010000000100011001000101
00110001001100000000000001011000
00110101001101000011001100110010
00111001001110000011011100110110
01100100011000110110001001100001
00110000010000000110011001100101
00000000000000000000000001111000
00111111100000000000000000000000
00111111100110000011000000000000
00111111101101010000000000000000
00111111110101110100000000000000
00000000000000000000000000000000
00111001011111100000101000110010
00111001000111100110011001111111
00111001000111111001100101011011
00111111100000000000000000000000
00111111100110000011011111110000
00111111101101010000010011110011
00111111110101110100010011111101
00000000000000000000000000000000
00111101010100011000000000000000
00111101110001100111000000000000
00111110000011011001000000000000
00111110001101000101000000000000
00111110010101111110000000000000
00111110011110001101000000000000
00111110100010111100000000000000
00000000000000000000000000000000
00110110101010011101011000001010
00110111100011000001110001000011
00111000011100111000111101100101
00110110101000100010110110000011
00111000000111110001110100010010
00111000011011110111010110110011
00111000010110100101001111010010
00000000000000000000000000000000
00111101111100010011000000000000
00111110011001000111000000000000
00111110101000110000000000000000
00111110110011111001000000000000
00111110111110001001000000000000
00111111000011110100000000000000
00111111001000001110000000000000
00000000000000000000000000000000
00110111100000111011011100010101
00111000011110111110001111001101
00111000110001011110000100001110
00111000100100011111011001100000
00111000000011110101111110101111
00111000001111101011110011100001
00111001010001111111010000100011
00000000000000000000000000000000
00000000000000000000000000000000
00111111101100110000000000000000
00111010011111011011111010110010
01000000001011100000000000000000
00111000010100011100111111011111
01000000011111100000000000000000
10111010111110100101000110111111
01000000101001001110000000000000
10111010110000111101101000011001
01000000110010001110000000000000
10111001100010101110110111000010
01000000111010110100000000000000
10111010001011000001111111001101
01000001000001100001000000000000
10111010111110101111111100101010
01000001000101011100000000000000
00110111110100011100111111011111
01000001001001001101000000000000
00111010011100001001011110011010
01000001001100110101000000000000
00110110100011100100011110001001
01000001010000010100000000000000
00111000100111010101101111100111
01000001010011101011000000000000
10111001100110000000101011000000
01000001010110111010000000000000
00111010100101001000111101010101
01000001011010000011000000000000
10111010110000001001001011011010
01000001011101000100000000000000
00111010110001101011001101100010
00111111100000000000000000000000
00111111100001011010000000000000
00111111100010111001000000000000
00111111100100011100000000000000
00111111100110000011000000000000
00111111100111101111000000000000
00111111101001011111000000000000
00111111101011010101000000000000
00111111101101010000000000000000
00111111101111010000000000000000
00111111110001010110000000000000
00111111110011100010000000000000
00111111110101110100000000000000
00111111111000001100000000000000
00111111111010101100000000000000
00111111111101010010000000000000
00000000000000000000000000000000
00111001101011000011011001111101
00111001001110000011110001111101
00111000111101001101110011101011
00111001011111100000101000110010
00111001001001100100110000010010
00111001111011010110101010011011
00111001100000111110111010100100
00111001000111100110011001111111
00111001100010100011100111110110
00111001011001010100001000101011
00111001000100011000001010100100
00111001000111111001100101011011
00111001110011011110111011000011
00110111110001101110011111011101
00111001001011111010001010100101
00111111100000000000000000000000
00111111100001011010101011000011
00111111100010111001010111000010
00111111100100011100001111010011
00111111100110000011011111110000
00111111100111101111010100110010
00111111101001011111111011010111
00111111101011010101100000111111
00111111101101010000010011110011
00111111101111010000100010100100
00111111110001010110011100101010
00111111110011100010010010001100
00111111110101110100010011111101
00111111111000001100110011011111
00111111111010101100000011000111
00111111111101010010010101111101
00000000000000000000000000000000
10100010111110011000001101101110
01001110010001000001010100101001
11111100001001110101011111010001
11110101001101001101110111000000
11011011011000101001010110011001
00111100010000111001000001000001
11111110010100010110001110101011
00000000000000000100000000000010
10100000000000000000000000000000
00000000000000000000000000000000
00000000000000000100000000000101
11001000000000000000000000000000
00000000000000000000000000000000
00000000000000000100000000001100
10011100010000000000000000000000
00000000000000000000000000000000
00000000000000000100000000011001
10111110101111000010000000000000
00000000000000000000000000000000
00000000000000000100000000110100
10001110000110111100100110111111
00000100000000000000000000000000
00000000000000000100000010110101
11010000110011110100101101010000
11001111111000100000011101100110
00000000000000000000000000000001
00000000000000000100000101101100
10101010010100011000001000111110
00110100101001111110111011011111
00000000000000000000000000000001
00000000000000000100001011011001
11100010101000001011010111011100
10010111000111110011000000111010
11111111111111111111111111111111
00000000000000000100010110110100
11001000101000000010010111111101
01001111110000011010001111101001
11111111111111111111111111111111
00000000000000000011111111111111
10000000000000000000000000000000
00000000000000000000000000000000
00000000000000000011111111111111
10000000000000000000000000000000
00000000000000000000000000000000
01101100011000010111001101101001
00101000011011010111010101101110
00101001001001110011011100100111
01100001011100110110100100000000
01100001011010000111000001101100
00100111010000100010011100101000
01110011011010010000000000101001
01110010011101000110111001100011
01011100001001110010100001101100
00000000001010010010011101101110
01101111011011000111001101101001
00101000011100100110010101110111
00101001001001110111011000100111
01100111011100110110100100000000
01101000011100000110000101110010
00100111011110100010011100101000
00101110001011100000000000101001
00101111001011100010111000101111
01110010011001010111001101010101
01100101011101000010111101110011
01100011001011010111010001110011
01100101011100000111100101110100
01100100000000000110001100101110
00111101001111010110001101011111
00110001001100000010111000110000
00110001001101110011010000110111
00110101001101100011100100111000
00110011001100100011011100110001
00110011001110000011000100111001
01100011010111110110010000000000
00101110001100000011110100111101
00110100001100110011011000110100
00110011001101000011000100110110
00111000001101000011100000111001
00110010001100000011000100110100
01011111011001000000000000110110
00110000001111010011110101100011
00111000001101000011010000101110
00110000001110010011000100111001
00110010001100100011001100110000
00110111001100110011100000110100
01100100000000000011011000111001
00111101001111010110001101011111
00110100001101010010111000110001
00110110001100000011010000110011
00110000001101100011011000110011
00110001001100100011001100111000
01011111011001000000000000110111
00110000001111010011110101100011
00110110001110010011011000101110
00110011001101110011100100110000
00110010001100010011100100110001
00111000001101100011100000111000
01011111011001000000000000110111
00110000001111010011110101100011
00111000001101010011011000101110
00110110001100000011100000110111
00110000001101000011010000110011
00111000001100100011001000110011
01011111011001000000000000111000
00110001001111010011110101100011
00110001001100100011000100101110
00110011001101110011011100111000
00110111001101010011001100110010
00111000001101010011000000110000
01100101011101000000000000111000
01100110001000000111010001110011
01110100011000010110111101101100
01100111011011110110110000100000
00100000011001100011000000110001
01110100000000000100101101001111
00100000011101000111001101100101
01100001011011110110110001100110
01110100011000010010000001110100
01100110001100100110111001100001
00000000010010110100111100100000
01110100011100110110010101110100
01101111011011000110011000100000
01100110001000000111010001100001
01100110011001000110111101101101
00000000010010110100111100100000
01110100011100110110010101110100
01101111011011000110011000100000
01101100001000000111010001100001
00100000011001100110011101101111
01110100000000000100101101001111
00100000011101000111001101100101
01100001011011110110110001100110
01100001011101000010000001110100
00100000011001100110100001101110
01110100000000000100101101001111
00100000011101000111001101100101
01100001011011110110110001100110
01100101011000110010000001110100
00100000011001100110110001101001
01110100000000000100101101001111
00100000011101000111001101100101
01100001011011110110110001100110
01100001011101000010000001110100
01001111001000000110011001101110
01100101011101000000000001001011
01100110001000000111010001110011
01110100011000010110111101101100
01110000011110000110010100100000
01001011010011110010000001100110
01110011011001010111010000000000
01101100011001100010000001110100
00100000011101000110000101101111
01111000011001010110010001101100
01001111001000000110011001110000
01100101011101000000000001001011
01100110001000000111010001110011
01110100011000010110111101101100
01100010011000010110011000100000
01001111001000000110011001110011
01100101011101000000000001001011
01100110001000000111010001110011
01110100011000010110111101101100
01110010011100010111001100100000
01001111001000000110011001110100
01100101011101000000000001001011
01100110001000000111010001110011
01110100011000010110111101101100
01110111011011110111000000100000
01001011010011110010000001100110
01110011011001010111010000000000
01101100011001100010000001110100
00100000011101000110000101101111
01101000011011100110100101110011
00000000010010110100111100100000
01110100011100110110010101110100
01101111011011000110011000100000
01100011001000000111010001100001
00100000011010000111001101101111
01110100000000000100101101001111
00100000011101000111001101100101
01100001011011110110110001100110
01101001011100110010000001110100
01001011010011110010000001101110
01110011011001010111010000000000
01101100011001100010000001110100
00100000011101000110000101101111
01101111011011110110110001100110
01001011010011110010000001110010
01110011011001010111010000000000
01101100011001100010000001110100
00100000011101000110000101101111
00100000011100110110111101100011
00101110000000000100101101001111
00101110001011100010111100101110
01100101011100110101010100101111
01110100001011110111001101110010
00101101011101000111001101100101
01101000011101000110000101101101
00100101000000000110001100101110
01011111011001100000000001100110
00110000001111010011110101100011
00000000011001100011000000101110
00111101011000110101111101100110
00110000001011100011000100111101
01011111011001100000000001100110
00110100001111010011110101100011
00110011001101000011100100110001
00110000001011100011010000110000
01011111011001100000000001100110
00110000001111010011110101100011
00110000001100000011000100101110
00110100001100100011001000111000
00000000011001100011000100110001
00111101011000110101111101100110
00110000001011100011000000111101
00111001001100100011100100110000
00111001001110010011100100111001
01100110000000000110011000110001
00111101001111010110001101011111
00111001001110010010111000110000
00110111001110010011000100110010
01100110001100100011100100110110
01100011010111110110011000000000
00101110001100000011110100111101
00110110001101010011001000110001
00110011001100010011010100110101
01011111011001100000000001100110
00110001001111010011110101100011
00110011001100110011000100101110
00110100001110000011010000110001
01100110000000000110011000110011
00111101001111010110001101011111
00110000001100000010111000110001
00110010001100100011100000110111
00000000011001100011001100110110
00111101011000110101111101100110
00110001001011100011000000111101
00110111001101100011010000110010
01100110001100110011011100110100
01100011010111110110011000000000
00101110001100000011110100111101
01100110001101010011001000110001
01100011010111110110011000000000
00110010001011010011110100111101
00111001001101110011000000101110
00110101001100010011010000110100
01100110000000000110011000110101
00111101001111010110001101011111
00110101001100110010111000110000
00110011001101010011010100110011
01100110001101010011100000110011
01100011010111110110011000000000
00110000001011010011110100111101
00110011001100000011100100101110
00000000011001100011100100110000
00111101011000110101111101100110
00110111001011100011000000111101
00110000001100010011000100110111
00111001001100000011010000110101
01011111011001100000000001100110
00110000001111010011110101100011
00110101001100100011000100101110
00110111001101010011001000110011
00000000011001100011100100110110
00111101011000110101111101100110
00110001001011100011000000111101
00110101001100110011010000110010
00111001001110010011100100110010
00000000000000000000000001100110
00001000000000000100111001000100
00100000000000000000000000000000
00000000000000000000100011001000
00001000000000000000000101010100
00000000000000000000000100010000
00000000000000000000000001000011
11111111111111111111111111111000
01000000010000000100000000000000
01000000010000000100000001000000
01000001010000010100000001000000
01000000010000010100000101000001
01000000010000000100000001000000
01000000010000000100000001000000
01000000010000000100000001000000
01000000010000000100000001000000
00000010000000100000010101000000
00000010000000100000001000000010
00000010000000100000001000000010
00000010000000100000001000000010
00100000001000000010000000000010
00100000001000000010000000100000
00000010001000000010000000100000
00000010000000100000001000000010
10010000100100000000001000000010
10010000100100001001000010010000
00010000000100000001000000010000
00010000000100000001000000010000
00010000000100000001000000010000
00010000000100000001000000010000
00010000000100000001000000010000
00000010000000100000001000000010
10001000100010000000001000000010
10001000100010001000100010001000
00001000000010000000100000001000
00001000000010000000100000001000
00001000000010000000100000001000
00001000000010000000100000001000
00001000000010000000100000001000
00000010000000100000001000000010
00000000000000000000000001000000
00000000000000000000000000000000
00000000000000000000000000000000
00000000000000000000000000000000
00000000000000000000000000000000
00000000000000000000000000000000
00000000000000000000000000000000
00000000000000000000000000000000
00000000000000000000000000000000
00000000000000000000000000000000
00000000000000000000000000000000
00000000000000000000000000000000
00000000000000000000000000000000
00000000000000000000000000000000
00000000000000000000000000000000
00000000000000000000000000000000
00000000000000000000000000000000
00000000000000000000000000000000
00000000000000000000000000000000
00000000000000000000000000000000
00000000000000000000000000000000
00000000000000000000000000000000
00000000000000000000000000000000
00000000000000000000000000000000
00000000000000000000000000000000
00000000000000000000000000000000
00000000000000000000000000000000
00000000000000000000000000000000
00000000000000000000000000000000
00000000000000000000000000000000
00000000000000000000000000000000
00000000000000000000000000000000
00000000000000000000000000000000
00000000000000000000000000011100
00000000000000000000000001000011
11111111111111111111111111111000
00000000000000000000000000001100
00000000000000000000000000001110
00000000000000000000000000001111
00000000000000000000000000101110
